'data-make';'data-model';'data-year';'data-trim';'data-extcolor';'data-intcolor';'data-trans';'data-price';'data-engine';'data-fueltype';'data-vehicletype';'data-bodystyle';'data-name';'data-vin';'data-modelcode';'data-msrp';'data-stocknum'
'Ford';'F-350 DRW';'2002';'XL';'Oxford White';'Medium Flint';'';'0';'8 Cyl - 7.3 L';'Diesel Fuel';'used';'Regular Cab Chassis-Cab';'2002 Ford F-350 DRW XL';'1FDWF37F62EC72395';'F37';'0';'US5300'
'Ford';'F-150';'2004';'Lightning';'Sonic Blue Metallic';'Dark Graphite';'Automatic';'49999';'5.4L V8 16V MPFI SOHC Supercharged';'Gasoline Fuel';'used';'Regular Cab Pickup';'2004 Ford F-150 Lightning';'2FTRF073X4CA16212';'F07';'50999';'US4045'
'Ford';'Super Duty F-550 DRW';'2008';'XL Open Service Body';'Oxford White';'Medium stone';'Automatic';'16999';'6.4L V8 32V DDI OHV Twin Turbo Diesel';'Diesel Fuel';'used';'Crew Cab Chassis-Cab';'2008 Ford Super Duty F-550 DRW XL Open Service Body';'1FDAW57R18ED13508';'W57';'18999';'US4891'
'Ford';'F-350 SRW';'2009';'XL Flatbed';'Oxford White';'Medium stone';'Automatic';'0';'8 Cyl - 5.4 L';'Gasoline Fuel';'used';'Extended Cab Pickup';'2009 Ford F-350 SRW XL Flatbed';'1FDWX31589EB15197';'X31';'0';'US5301'
'Mazda';'CX-7';'2011';'i SV';'Black Cherry Mica';'Sand';'Automatic';'3445';'2.5L I4 16V MPFI DOHC';'Gasoline Fuel';'used';'Sport Utility';'2011 Mazda CX-7 i SV';'JM3ER2AM4B0393133';'CX7ISV2A';'0';'US5316'
'Ford';'Escape';'2013';'Titanium 4WD';'Ginger Ale Metallic';'Charcoal Black';'Automatic';'13499';'2.0L I4 16V GDI DOHC Turbo';'Gasoline Fuel';'used';'Sport Utility';'2013 Ford Escape Titanium 4WD';'1FMCU9J91DUA69678';'U9J';'16999';'US5149'
'Toyota';'Corolla';'2014';'S';'Classic Silver Metallic';'Black';'Variable';'16799';'1.8L I4 16V MPFI DOHC';'Gasoline Fuel';'used';'4dr Car';'2014 Toyota Corolla S';'2T1BURHE1EC083842';'1862';'19999';'US5188'
'Nissan';'Rogue';'2014';'S AWD';'Graphite Blue';'Almond';'Variable';'16999';'2.5L I4 16V MPFI DOHC';'Gasoline Fuel';'used';'Sport Utility';'2014 Nissan Rogue S AWD';'5N1AT2MVXEC834551';'22214';'18999';'US5240'
'Ford';'Fusion';'2014';'SE';'Sunset Metallic';'Ebony';'Automatic';'14999';'1.5L I4 16V GDI DOHC Turbo';'Gasoline Fuel';'used';'4dr Car';'2014 Ford Fusion SE';'3FA6P0HD6ER172737';'P0H';'16999';'US5290'
'Jeep';'Wrangler Unlimited';'2015';'Sport 4WD';'Billet Silver Metallic Clearcoat';'Black';'Automatic';'24999';'3.6L V6 24V MPFI DOHC';'Gasoline Fuel';'used';'Convertible';'2015 Jeep Wrangler Unlimited Sport 4WD';'1C4BJWDG8FL544401';'JKJM74';'28999';'US4926'
'Ford';'F-150';'2015';'Platinum SuperCrew';'Guard Metallic';'Black';'Automatic';'32799';'3.5L V6 24V GDI DOHC Twin Turbo';'Gasoline Fuel';'used';'Crew Cab Pickup';'2015 Ford F-150 Platinum SuperCrew';'1FTEW1EG7FFA07940';'W1E';'34999';'US5191'
'Jeep';'Wrangler Unlimited';'2015';'Sport 4WD';'Black Clearcoat';'Black';'Automatic';'26499';'3.6L V6 24V MPFI DOHC';'Gasoline Fuel';'used';'Convertible';'2015 Jeep Wrangler Unlimited Sport 4WD';'1C4BJWDGXFL609653';'JKJM74';'28999';'US5212'
'Jeep';'Grand Cherokee';'2015';'Altitude 4WD';'Maximum Steel Metallic Clearcoat';'Black';'Automatic';'0';'6 Cyl - 3.6 L';'Gasoline Fuel';'used';'Sport Utility';'2015 Jeep Grand Cherokee Altitude 4WD';'1C4RJFAGXFC150126';'WKJH74';'0';'US5325'
'Jeep';'Wrangler';'2016';'Rubicon Hard Rock 4WD';'Black Clearcoat';'Black';'Automatic';'33999';'3.6L V6 24V MPFI DOHC';'Gasoline Fuel';'used';'Convertible';'2016 Jeep Wrangler Rubicon Hard Rock 4WD';'1C4HJWCGXGL167986';'JKJS72';'38999';'US4754'
'Honda';'Civic Sedan';'2016';'EX-T';'White Orchid Pearl';'Gray';'Variable';'20999';'1.5L I4 16V GDI DOHC Turbo';'Gasoline Fuel';'used';'4dr Car';'2016 Honda Civic Sedan EX-T';'2HGFC1F3XGH659512';'FC1F3GJW';'24999';'US4915'
'Toyota';'Corolla';'2016';'S Plus';'Slate Metallic';'Black';'Variable';'17499';'1.8L I4 16V MPFI DOHC';'Gasoline Fuel';'used';'4dr Car';'2016 Toyota Corolla S Plus';'2T1BURHE4GC745674';'1864';'19999';'US5097'
'Ford';'Explorer';'2016';'XLT 4WD';'Guard Metallic';'Ebony Black';'Automatic';'0';'6 Cyl - 3.5 L';'Gasoline Fuel';'used';'Sport Utility';'2016 Ford Explorer XLT 4WD';'1FM5K8D84GGB68851';'K8D';'0';'US5335'
'Subaru';'Outback';'2016';'2.5i Premium AWD';'Crystal White Pearl';'Slate Black';'Variable';'0';'2.5L H4 16V MPFI DOHC';'Gasoline Fuel';'used';'Sport Utility';'2016 Subaru Outback 2.5i Premium AWD';'4S4BSAEC7G3348474';'GDD';'0';'US5295'
'Ford';'Escape';'2017';'SE 4WD';'Oxford White';'Medium Light Stone';'Automatic';'20799';'1.5L I4 16V GDI DOHC Turbo';'Gasoline Fuel';'used';'Sport Utility';'2017 Ford Escape SE 4WD';'1FMCU9GD9HUE61745';'U9G';'23999';'US4968'
'Subaru';'Outback';'2017';'Premium AWD';'Crystal Black Silica';'Slate Black';'Variable';'25999';'2.5L H4 16V MPFI DOHC';'Gasoline Fuel';'used';'Sport Utility';'2017 Subaru Outback Premium AWD';'4S4BSACC2H3233446';'HDD';'27999';'US4982'
'Honda';'CR-V';'2017';'EX AWD';'Basque Red Pearl II';'Black';'Variable';'24499';'1.5L I4 16V GDI DOHC Turbo';'Gasoline Fuel';'used';'Sport Utility';'2017 Honda CR-V EX AWD';'2HKRW2H59HH660005';'RW2H5HJW';'26999';'US5091'
'Chevrolet';'Sonic';'2017';'LT';'Summit White';'Jet Black';'Automatic';'14999';'1.8L I4 16V MPFI DOHC';'Gasoline Fuel';'used';'Hatchback';'2017 Chevrolet Sonic LT';'1G1JD6SG8H4128487';'1JV48';'17999';'US5230'
'Dodge';'Charger';'2017';'R/T Scat Pack';'White Knuckle Clearcoat';'Ruby Red/Black';'Automatic';'41999';'6.4L V8 16V MPFI OHV';'Gasoline Fuel';'used';'4dr Car';'2017 Dodge Charger R/T Scat Pack';'2C3CDXGJ5HH623781';'LDDR48';'43999';'US5253'
'Subaru';'Forester';'2018';'Touring AWD';'Crystal Black Silica';'Black';'Variable';'29999';'2.5L H4 16V MPFI DOHC';'Gasoline Fuel';'used';'Sport Utility';'2018 Subaru Forester Touring AWD';'JF2SJAWC6JH574118';'JFJ';'34999';'US4714'
'Subaru';'Forester';'2018';'Limited Awd';'Crystal White Pearl';'Gray';'Variable';'27499';'2.5L H4 16V MPFI DOHC';'Gasoline Fuel';'used';'Sport Utility';'2018 Subaru Forester Limited Awd';'JF2SJARCXJH589815';'JFI';'31999';'US4733'
'Ford';'Escape';'2018';'SEL 4WD';'Blue Metallic';'Charcoal Black';'Automatic';'23999';'1.5L I4 16V GDI DOHC Turbo';'Gasoline Fuel';'used';'Sport Utility';'2018 Ford Escape SEL 4WD';'1FMCU9HD9JUC83923';'U9H';'26999';'US4750'
'Ford';'Explorer';'2018';'XLT 4WD';'Shadow Black';'Ebony Black';'Automatic';'30999';'3.5L V6 24V MPFI DOHC';'Gasoline Fuel';'used';'Sport Utility';'2018 Ford Explorer XLT 4WD';'1FM5K8D84JGC20938';'K8D';'35999';'US4758'
'Ford';'Escape';'2018';'SE 4WD';'Cinnamon Glaze Metallic';'Medium Light Stone';'Automatic';'21999';'1.5L I4 16V GDI DOHC Turbo';'Gasoline Fuel';'used';'Sport Utility';'2018 Ford Escape SE 4WD';'1FMCU9GD3JUA77241';'U9G';'25999';'US4761'
'Ford';'F-150';'2018';'XL SuperCrew';'Lightning Blue';'Dark Earth Gray';'Automatic';'36499';'2.7L V6 24V PDI DOHC Twin Turbo';'Gasoline Fuel';'used';'Crew Cab Pickup';'2018 Ford F-150 XL SuperCrew';'1FTEW1EPXJFE54139';'W1E';'40999';'US4770'
'Ford';'Escape';'2018';'SEL 4WD';'Ingot Silver Metallic';'Charcoal Black';'Automatic';'24499';'1.5L I4 16V GDI DOHC Turbo';'Gasoline Fuel';'used';'Sport Utility';'2018 Ford Escape SEL 4WD';'1FMCU9HD5JUA87865';'U9H';'26999';'US4780'
'Subaru';'Outback';'2018';'Limited Awd';'Crystal White Pearl';'Slate Black';'Variable';'28999';'2.5L H4 16V MPFI DOHC';'Gasoline Fuel';'used';'Sport Utility';'2018 Subaru Outback Limited Awd';'4S4BSANC9J3306086';'JDF';'32999';'US4792'
'Subaru';'Crosstrek';'2018';'Limited Awd';'Dark Gray Metallic';'Black';'Variable';'24499';'2.0L H4 16V GDI DOHC';'Gasoline Fuel';'used';'Sport Utility';'2018 Subaru Crosstrek Limited Awd';'JF2GTAMC7JH256401';'JRE';'27999';'US4771'
'Ford';'Fusion Energi';'2018';'SE';'Shadow Black';'Ebony';'Variable';'22799';'2.0L I4 16V MPFI DOHC Hybrid';'Hybrid Fuel';'used';'4dr Car';'2018 Ford Fusion Energi SE';'3FA6P0PU5JR275787';'P0P';'24999';'US4799'
'Ford';'Escape';'2018';'SE 4WD';'Magnetic Metallic';'Medium Light Stone';'Automatic';'21799';'1.5L I4 16V GDI DOHC Turbo';'Gasoline Fuel';'used';'Sport Utility';'2018 Ford Escape SE 4WD';'1FMCU9GD4JUD25092';'U9G';'25999';'US4810'
'Subaru';'Forester';'2018';'Limited Awd';'Quartz Blue Pearl';'Gray';'Variable';'29999';'2.5L H4 16V MPFI DOHC';'Gasoline Fuel';'used';'Sport Utility';'2018 Subaru Forester Limited Awd';'JF2SJAJC0JH585364';'JFI';'34999';'US4811'
'Ford';'Escape';'2018';'SEL 4WD';'Ingot Silver Metallic';'Charcoal Black';'Automatic';'23999';'1.5L I4 16V GDI DOHC Turbo';'Gasoline Fuel';'used';'Sport Utility';'2018 Ford Escape SEL 4WD';'1FMCU9HDXJUC24749';'U9H';'26999';'US4837'
'Jeep';'Compass';'2018';'Limited 4X4';'White Clearcoat';'Black';'Automatic';'26999';'2.4L I4 16V MPFI SOHC';'Gasoline Fuel';'used';'Sport Utility';'2018 Jeep Compass Limited 4X4';'3C4NJDCB5JT481889';'MPJP74';'29999';'US4833'
'Ford';'Escape';'2018';'SE 4WD';'Lightning Blue Metallic';'Charcoal Black';'Automatic';'21499';'1.5L I4 16V GDI DOHC Turbo';'Gasoline Fuel';'used';'Sport Utility';'2018 Ford Escape SE 4WD';'1FMCU9GD7JUC24743';'U9G';'24999';'US4859'
'Ford';'Expedition';'2018';'Limited 4X4';'Shadow Black';'Ebony';'Automatic';'49499';'3.5L V6 24V GDI DOHC Twin Turbo';'Gasoline Fuel';'used';'Sport Utility';'2018 Ford Expedition Limited 4X4';'1FMJU2AT4JEA48257';'U2A';'53999';'US4884'
'Ford';'F-150';'2018';'Platinum SuperCrew';'Magnetic Metallic';'Black';'Automatic';'45999';'5.0L V8 32V PDI DOHC';'Gasoline Fuel';'used';'Crew Cab Pickup';'2018 Ford F-150 Platinum SuperCrew';'1FTEW1E50JFC08246';'W1E';'48999';'US4899'
'Honda';'Civic Sedan';'2018';'EX-T';'Aegean Blue Metallic';'Black';'Variable';'20999';'1.5L I4 16V GDI DOHC Turbo';'Gasoline Fuel';'used';'4dr Car';'2018 Honda Civic Sedan EX-T';'JHMFC1F31JX002677';'FC1F3JJW';'25999';'US4917'
'Nissan';'Rogue';'2018';'SV';'Brilliant Silver';'Charcoal';'Variable';'18499';'2.5L I4 16V MPFI DOHC';'Gasoline Fuel';'used';'Sport Utility';'2018 Nissan Rogue SV';'KNMAT2MTXJP506794';'22318';'21999';'US4918'
'Ford';'Mustang';'2018';'EcoBoost';'Ingot Silver Metallic';'Ebony';'Automatic';'25999';'2.3L I4 16V GDI DOHC Turbo';'Gasoline Fuel';'used';'2dr Car';'2018 Ford Mustang EcoBoost';'1FA6P8TH3J5127356';'P8T';'27999';'US4941'
'Ford';'Edge';'2018';'Titanium AWD';'Shadow Black';'Cognac';'Automatic';'28799';'2.0L I4 16V GDI DOHC Turbo';'Gasoline Fuel';'used';'Sport Utility';'2018 Ford Edge Titanium AWD';'2FMPK4K90JBC48885';'K4K';'31999';'US4933'
'Ford';'EcoSport';'2018';'SE 4WD';'Shadow Black';'Ebony Black';'Automatic';'20499';'2.0L I4 16V GDI DOHC';'Gasoline Fuel';'used';'Sport Utility';'2018 Ford EcoSport SE 4WD';'MAJ6P1UL9JC171951';'P1U';'21999';'US4954'
'Ford';'Escape';'2018';'SE 4WD';'Oxford White';'Charcoal Black';'Automatic';'21799';'1.5L I4 16V GDI DOHC Turbo';'Gasoline Fuel';'used';'Sport Utility';'2018 Ford Escape SE 4WD';'1FMCU9GDXJUD25064';'U9G';'24999';'US4960'
'Ford';'F-150';'2018';'XLT';'Magma Red Metallic';'Black';'Automatic';'40499';'5.0L V8 32V PDI DOHC';'Gasoline Fuel';'used';'Crew Cab Pickup';'2018 Ford F-150 XLT';'1FTEW1E51JFB61373';'W1E';'41999';'US4951'
'Ford';'F-150';'2018';'XL SuperCrew';'Lightning Blue';'Dark Earth Gray';'Automatic';'36999';'2.7L V6 24V PDI DOHC Twin Turbo';'Gasoline Fuel';'used';'Crew Cab Pickup';'2018 Ford F-150 XL SuperCrew';'1FTEW1EP8JFD81126';'W1E';'39999';'US4986'
'Ford';'Escape';'2018';'SE 4WD';'Shadow Black';'Charcoal Black';'Automatic';'22799';'1.5L I4 16V GDI DOHC Turbo';'Gasoline Fuel';'used';'Sport Utility';'2018 Ford Escape SE 4WD';'1FMCU9GD3JUD12365';'U9G';'25999';'US5022'
'Chevrolet';'Trax';'2018';'LT AWD';'Silver Ice Metallic';'Jet Black';'Automatic';'22499';'1.4L I4 16V MPFI DOHC Turbo';'Gasoline Fuel';'used';'Sport Utility';'2018 Chevrolet Trax LT AWD';'KL7CJPSB8JB710509';'1JS76';'25999';'US5011'
'RAM';'1500';'2018';'Big Horn Crew Cab';'Bright White Clearcoat';'Diesel Gray/Black';'Automatic';'35799';'5.7L V8 16V MPFI OHV';'Gasoline Fuel';'used';'Crew Cab Pickup';'2018 RAM 1500 Big Horn Crew Cab';'1C6RR7LT9JS281823';'DS6H98';'38999';'US5037'
'Ford';'Explorer';'2018';'XLT 4WD';'Oxford White';'Ebony Black';'Automatic';'29999';'3.5L V6 24V MPFI DOHC';'Gasoline Fuel';'used';'Sport Utility';'2018 Ford Explorer XLT 4WD';'1FM5K8D87JGC30038';'K8D';'31999';'US5039'
'Ford';'Fusion';'2018';'Titanium';'White Gold Metallic';'Ebony';'Automatic';'24999';'2.0L I4 16V GDI DOHC Turbo';'Gasoline Fuel';'used';'4dr Car';'2018 Ford Fusion Titanium';'3FA6P0K91JR112766';'P0K';'26999';'US5047'
'Subaru';'Forester';'2018';'Limited';'Quartz Blue Pearl';'Gray';'Variable';'27999';'2.5L H4 16V MPFI DOHC';'Gasoline Fuel';'used';'Sport Utility';'2018 Subaru Forester Limited';'JF2SJARC2JH610527';'JFI';'29999';'US5051'
'Ford';'Edge';'2018';'SEL AWD';'White Platinum Metallic Tri-Coat';'Mayan Gray/Umber';'Automatic';'29999';'2.0L I4 16V GDI DOHC Turbo';'Gasoline Fuel';'used';'Sport Utility';'2018 Ford Edge SEL AWD';'2FMPK4J92JBB55335';'K4J';'31999';'US5074'
'Ford';'Fusion Hybrid';'2018';'SE';'Oxford White';'Ebony';'Variable';'21999';'2.0L I4 16V MPFI DOHC Hybrid';'Hybrid Fuel';'used';'4dr Car';'2018 Ford Fusion Hybrid SE';'3FA6P0LU1JR279521';'P0L';'24999';'US5104'
'Subaru';'Forester';'2018';'Premium Awd';'Quartz Blue Pearl';'Gray';'Variable';'26499';'2.5L H4 16V MPFI DOHC';'Gasoline Fuel';'used';'Sport Utility';'2018 Subaru Forester Premium Awd';'JF2SJAGC7JH469294';'JFF';'28999';'US5119'
'Ford';'EcoSport';'2018';'SES 4WD';'Diamond White';'Ebony Black';'Automatic';'20499';'2.0L I4 16V GDI DOHC';'Gasoline Fuel';'used';'Sport Utility';'2018 Ford EcoSport SES 4WD';'MAJ6P1CL1JC196800';'P1C';'22999';'US5138'
'Ford';'Edge';'2018';'SEL AWD';'Magnetic Metallic';'Mayan Gray/Umber';'Automatic';'27499';'2.0L I4 16V GDI DOHC Turbo';'Gasoline Fuel';'used';'Sport Utility';'2018 Ford Edge SEL AWD';'2FMPK4J97JBC17909';'K4J';'29999';'US5145'
'Ford';'Edge';'2018';'SEL AWD';'Magnetic Metallic';'Ebony';'Automatic';'27499';'2.0L I4 16V GDI DOHC Turbo';'Gasoline Fuel';'used';'Sport Utility';'2018 Ford Edge SEL AWD';'2FMPK4J94JBB47057';'K4J';'29999';'US5165'
'Ford';'Escape';'2018';'Titanium 4WD';'Magnetic Metallic';'Charcoal Black';'Automatic';'26999';'2.0L I4 16V GDI DOHC Turbo';'Gasoline Fuel';'used';'Sport Utility';'2018 Ford Escape Titanium 4WD';'1FMCU9J92JUD25063';'U9J';'28999';'US5190'
'Ford';'Fusion';'2018';'SE';'Oxford White';'Ebony';'Automatic';'22499';'1.5L I4 16V GDI DOHC Turbo';'Gasoline Fuel';'used';'4dr Car';'2018 Ford Fusion SE';'3FA6P0HD3JR216283';'P0H';'24999';'US5225'
'Subaru';'Impreza';'2018';'AWD';'Lapis Blue Pearl';'Ivory';'Variable';'21999';'2.0L H4 16V GDI DOHC';'Gasoline Fuel';'used';'4dr Car';'2018 Subaru Impreza AWD';'4S3GKAA66J3617274';'JJB';'23999';'US5234'
'Ford';'Explorer';'2018';'4WD';'Ingot Silver Metallic';'Medium Stone';'Automatic';'27999';'3.5L V6 24V MPFI DOHC';'Gasoline Fuel';'used';'Sport Utility';'2018 Ford Explorer 4WD';'1FM5K8B81JGC20933';'K8B';'29999';'US5267'
'Ford';'F-150';'2018';'XLT SuperCrew';'Oxford White';'Black';'Automatic';'38999';'2.7L V6 24V PDI DOHC Twin Turbo';'Gasoline Fuel';'used';'Crew Cab Pickup';'2018 Ford F-150 XLT SuperCrew';'1FTEW1EP4JKF00216';'W1E';'39999';'US5284'
'Ford';'EcoSport';'2018';'SE 4WD';'Shadow Black';'Ebony Black';'Automatic';'21999';'2.0L I4 16V GDI DOHC';'Gasoline Fuel';'used';'Sport Utility';'2018 Ford EcoSport SE 4WD';'MAJ6P1UL6JC226307';'P1U';'24999';'US5291'
'Ford';'Explorer';'2018';'XLT';'Magnetic';'Ebony Black W/Fire Orange';'Automatic';'26837';'3.5L V6 24V MPFI DOHC';'Gasoline Fuel';'used';'Sport Utility';'2018 Ford Explorer XLT';'1FM5K8D89JGC78849';'K8D';'0';'US5306'
'Subaru';'Forester';'2018';'Premium';'Jasmine Green Metallic';'Gray';'Variable';'19945';'2.5L H4 16V MPFI DOHC';'Gasoline Fuel';'used';'Sport Utility';'2018 Subaru Forester Premium';'JF2SJAEC4JH589427';'JFF';'0';'US5309'
'Ford';'Escape';'2018';'SEL';'Shadow Black';'Charcoal Black';'Automatic';'19277';'4 Cyl - 1.5 L';'Gasoline Fuel';'used';'Sport Utility';'2018 Ford Escape SEL';'1FMCU9HD4JUD33059';'U9H';'0';'US5314'
'Ford';'F-150';'2018';'XLT SuperCrew';'Oxford White';'Medium Earth Gray';'Automatic';'0';'6 Cyl - 3.5 L';'Gasoline Fuel';'used';'Crew Cab Pickup';'2018 Ford F-150 XLT SuperCrew';'1FTEW1EG4JFA40452';'W1E';'0';'US5299'
'Ford';'Edge';'2018';'SEL AWD';'Shadow Black';'Ebony';'Automatic';'0';'4 Cyl - 2.0 L';'Gasoline Fuel';'used';'Sport Utility';'2018 Ford Edge SEL AWD';'2FMPK4J98JBC29809';'K4J';'0';'US5247'
'Subaru';'Impreza';'2019';'AWD';'Island Blue Pearl';'Black';'Variable';'22499';'2.0L H4 16V GDI DOHC';'Gasoline Fuel';'used';'Hatchback';'2019 Subaru Impreza AWD';'4S3GTAA65K3716490';'KLB';'25999';'US4731'
'Subaru';'Forester';'2019';'Sport AWD';'Dark Gray Metallic';'Gray';'Variable';'33499';'2.5L H4 16V GDI DOHC';'Gasoline Fuel';'used';'Sport Utility';'2019 Subaru Forester Sport AWD';'JF2SKAPC1KH465336';'KFG';'36999';'US4730'
'Subaru';'Forester';'2019';'Premium Awd';'Crimson Red Pearl';'Gray';'Variable';'31499';'2.5L H4 16V GDI DOHC';'Gasoline Fuel';'used';'Sport Utility';'2019 Subaru Forester Premium Awd';'JF2SKAEC3KH465843';'KFF';'36999';'US4734'
'Subaru';'Forester';'2019';'Sport 4WD';'Dark Blue Pearl';'Gray';'Variable';'31499';'2.5L H4 16V GDI DOHC';'Gasoline Fuel';'used';'Sport Utility';'2019 Subaru Forester Sport 4WD';'JF2SKAPC1KH531755';'KFG';'36999';'US4748'
'Subaru';'Forester';'2019';'Premium Awd';'Crystal Black Silica';'Black';'Variable';'26999';'2.5L H4 16V GDI DOHC';'Gasoline Fuel';'used';'Sport Utility';'2019 Subaru Forester Premium Awd';'JF2SKAGC9KH500883';'KFF';'31999';'US4759'
'Ford';'Explorer';'2019';'XLT 4WD';'Magnetic Metallic';'Medium Light Stone';'Automatic';'33499';'3.5L V6 24V MPFI DOHC';'Gasoline Fuel';'used';'Sport Utility';'2019 Ford Explorer XLT 4WD';'1FM5K8D89KGA48259';'K8D';'36999';'US4793'
'Ford';'Edge';'2019';'SEL AWD';'Ingot Silver Metallic';'Ebony';'Automatic';'30999';'2.0L I4 16V GDI DOHC Turbo';'Gasoline Fuel';'used';'Sport Utility';'2019 Ford Edge SEL AWD';'2FMPK4J99KBB19014';'K4J';'35999';'US4798'
'Ford';'Fusion Hybrid';'2019';'SE';'Velocity Blue Metallic';'Ebony';'Variable';'22999';'2.0L I4 16V MPFI DOHC Hybrid';'Hybrid Fuel';'used';'4dr Car';'2019 Ford Fusion Hybrid SE';'3FA6P0LU5KR110992';'P0L';'25999';'US4789'
'Ford';'Escape';'2019';'SEL 4WD';'Agate Black Metallic';'Charcoal Black';'Automatic';'26499';'1.5L I4 16V GDI DOHC Turbo';'Gasoline Fuel';'used';'Sport Utility';'2019 Ford Escape SEL 4WD';'1FMCU9HD3KUB42119';'U9H';'28999';'US4806'
'Ford';'Escape';'2019';'SEL 4WD';'White Platinum Metallic Tri-Coat';'Charcoal Black';'Automatic';'26999';'1.5L I4 16V GDI DOHC Turbo';'Gasoline Fuel';'used';'Sport Utility';'2019 Ford Escape SEL 4WD';'1FMCU9HDXKUA66270';'U9H';'29999';'US4814'
'Ford';'Escape';'2019';'SEL 4WD';'White Platinum Metallic Tri-Coat';'Charcoal Black';'Automatic';'27999';'1.5L I4 16V GDI DOHC Turbo';'Gasoline Fuel';'used';'Sport Utility';'2019 Ford Escape SEL 4WD';'1FMCU9HD7KUB91260';'U9H';'31999';'US4839'
'Ford';'Escape';'2019';'Titanium 4WD';'Ingot Silver Metallic';'Charcoal Black';'Automatic';'29999';'2.0L I4 16V GDI DOHC Turbo';'Gasoline Fuel';'used';'Sport Utility';'2019 Ford Escape Titanium 4WD';'1FMCU9J91KUA73114';'U9J';'32999';'US4848'
'Ford';'Explorer';'2019';'XLT 4WD';'White Platinum Metallic Tri-Coat';'Ebony Black w/Fire Orange';'Automatic';'33799';'3.5L V6 24V MPFI DOHC';'Gasoline Fuel';'used';'Sport Utility';'2019 Ford Explorer XLT 4WD';'1FM5K8D83KGB33078';'K8D';'37999';'US4826'
'GMC';'Acadia';'2019';'SLT AWD';'Ebony Twilight Metallic';'Jet Black';'Automatic';'37999';'3.6L V6 24V GDI DOHC';'Gasoline Fuel';'used';'Sport Utility';'2019 GMC Acadia SLT AWD';'1GKKNWLS3KZ140377';'TNM26';'41999';'US4843'
'Subaru';'Forester';'2019';'Premium Awd';'Ice Silver Metallic';'Black';'Variable';'27999';'2.5L H4 16V GDI DOHC';'Gasoline Fuel';'used';'Sport Utility';'2019 Subaru Forester Premium Awd';'JF2SKAGC2KH479777';'KFF';'31999';'US4856'
'Ford';'Escape';'2019';'SEL 4WD';'Sedona Orange Metallic';'Charcoal Black';'Automatic';'24799';'1.5L I4 16V GDI DOHC Turbo';'Gasoline Fuel';'used';'Sport Utility';'2019 Ford Escape SEL 4WD';'1FMCU9HD1KUA28152';'U9H';'27999';'US4869'
'Subaru';'Crosstrek';'2019';'Limited Awd';'Venetian Red Pearl';'Black';'Variable';'29999';'2.0L H4 16V GDI DOHC';'Gasoline Fuel';'used';'Sport Utility';'2019 Subaru Crosstrek Limited Awd';'JF2GTANC2KH267743';'KRE';'32999';'US4871'
'Ford';'Fusion Energi';'2019';'Titanium';'Ruby Red Metallic Tinted Clearcoat';'Ebony';'Variable';'25999';'2.0L I4 16V MPFI DOHC Hybrid';'Hybrid Fuel';'used';'4dr Car';'2019 Ford Fusion Energi Titanium';'3FA6P0SU2KR264187';'P0S';'27999';'US4896'
'Subaru';'Outback';'2019';'Premium Awd';'Crystal White Pearl';'Slate Black';'Variable';'28999';'2.5L H4 16V MPFI DOHC';'Gasoline Fuel';'used';'Sport Utility';'2019 Subaru Outback Premium Awd';'4S4BSAFC6K3330779';'KDD';'30999';'US4889'
'Chevrolet';'Colorado';'2019';'4WD LT Crew Cab';'Black';'Jet Black';'Automatic';'25499';'3.6L V6 24V GDI DOHC';'Gasoline Fuel';'used';'Crew Cab Pickup';'2019 Chevrolet Colorado 4WD LT Crew Cab';'1GCGTCEN2K1117457';'12N43';'29999';'US4888'
'Ford';'Explorer';'2019';'Sport 4WD';'Agate Black Metallic';'Ebony Black w/Red Accent';'Automatic';'39658';'3.5L V6 24V GDI DOHC Twin Turbo';'Gasoline Fuel';'used';'Sport Utility';'2019 Ford Explorer Sport 4WD';'1FM5K8GT3KGB00047';'K8G';'42999';'US4910'
'Ford';'Escape';'2019';'SE 4WD';'Lightning Blue Metallic';'Chromite Gray/Chrcl Black';'Automatic';'24499';'1.5L I4 16V GDI DOHC Turbo';'Gasoline Fuel';'used';'Sport Utility';'2019 Ford Escape SE 4WD';'1FMCU9GD7KUA84436';'U9G';'26999';'US4923'
'Subaru';'Impreza';'2019';'Premium AWD';'Crimson Red Pearl';'Ivory';'Variable';'21999';'2.0L H4 16V GDI DOHC';'Gasoline Fuel';'used';'Hatchback';'2019 Subaru Impreza Premium AWD';'4S3GTAC61K3723840';'KLD';'25999';'US4914'
'Subaru';'Forester';'2019';'Touring AWD';'Horizon Blue Pearl';'Black';'Variable';'35499';'2.5L H4 16V GDI DOHC';'Gasoline Fuel';'used';'Sport Utility';'2019 Subaru Forester Touring AWD';'JF2SKAWC3KH469969';'KFJ';'38999';'US4924'
'Subaru';'Forester';'2019';'Touring AWD';'Crystal Black Silica';'Black';'Variable';'35499';'2.5L H4 16V GDI DOHC';'Gasoline Fuel';'used';'Sport Utility';'2019 Subaru Forester Touring AWD';'JF2SKAWC7KH465925';'KFJ';'38999';'US4925'
'Ford';'F-150';'2019';'LARIAT SuperCrew';'Ingot Silver Metallic';'Black';'Automatic';'48999';'3.5L V6 24V PDI DOHC Twin Turbo';'Gasoline Fuel';'used';'Crew Cab Pickup';'2019 Ford F-150 LARIAT SuperCrew';'1FTEW1E46KFD39366';'W1E';'51999';'US4929'
'Ford';'Ranger';'2019';'XLT 4WD SuperCrew';'Magnetic Metallic';'Ebony';'Automatic';'34799';'2.3L I4 16V GDI DOHC Turbo';'Gasoline Fuel';'used';'Crew Cab Pickup';'2019 Ford Ranger XLT 4WD SuperCrew';'1FTER4FH6KLA99909';'R4F';'36999';'US4938'
'Ford';'Fusion Hybrid';'2019';'SE';'Blue Metallic';'Ebony';'Variable';'23999';'2.0L I4 16V MPFI DOHC Hybrid';'Hybrid Fuel';'used';'4dr Car';'2019 Ford Fusion Hybrid SE';'3FA6P0LU4KR111339';'P0L';'25999';'US4932'
'Subaru';'Forester';'2019';'Limited Awd';'Ice Silver Metallic';'Black';'Variable';'32999';'2.5L H4 16V GDI DOHC';'Gasoline Fuel';'used';'Sport Utility';'2019 Subaru Forester Limited Awd';'JF2SKASC7KH494864';'KFI';'35999';'US4940'
'Subaru';'Forester';'2019';'Premium Awd';'Dark Gray Metallic';'Black';'Variable';'27799';'2.5L H4 16V GDI DOHC';'Gasoline Fuel';'used';'Sport Utility';'2019 Subaru Forester Premium Awd';'JF2SKAECXKH513354';'KFF';'29999';'US4952'
'Kia';'Forte';'2019';'S';'Aurora Black';'Black';'Variable';'20999';'2.0L I4 16V MPFI DOHC';'Gasoline Fuel';'used';'4dr Car';'2019 Kia Forte S';'3KPF34AD8KE073315';'C3442';'23999';'US4962'
'Ford';'Escape';'2019';'SEL 4WD';'Magnetic Metallic';'Charcoal Black';'Automatic';'25799';'1.5L I4 16V GDI DOHC Turbo';'Gasoline Fuel';'used';'Sport Utility';'2019 Ford Escape SEL 4WD';'1FMCU9HD2KUA00618';'U9H';'28999';'US4950'
'Ford';'Escape';'2019';'SE 4WD';'Ruby Red Metallic Tinted Clearcoat';'Chromite Gray/Chrcl Black';'Automatic';'20999';'1.5L I4 16V GDI DOHC Turbo';'Gasoline Fuel';'used';'Sport Utility';'2019 Ford Escape SE 4WD';'1FMCU9GD9KUA28126';'U9G';'23999';'US5004'
'Ford';'Escape';'2019';'SEL 4WD';'Magnetic Metallic';'Charcoal Black';'Automatic';'25999';'1.5L I4 16V GDI DOHC Turbo';'Gasoline Fuel';'used';'Sport Utility';'2019 Ford Escape SEL 4WD';'1FMCU9HD4KUA37461';'U9H';'27999';'US4980'
'Ford';'Edge';'2019';'Titanium AWD';'White Platinum Metallic Tri-Coat';'Cognac';'Automatic';'31999';'2.0L I4 16V GDI DOHC Turbo';'Gasoline Fuel';'used';'Sport Utility';'2019 Ford Edge Titanium AWD';'2FMPK4K99KBB39715';'K4K';'34999';'US4994'
'Subaru';'Forester';'2019';'Touring AWD';'Dark Gray Metallic';'Saddle Brown';'Variable';'33799';'2.5L H4 16V GDI DOHC';'Gasoline Fuel';'used';'Sport Utility';'2019 Subaru Forester Touring AWD';'JF2SKAWC7KH503654';'KFJ';'37999';'US5006'
'Subaru';'Crosstrek';'2019';'Premium Awd';'Crystal White Pearl';'Gray';'Variable';'25999';'2.0L H4 16V GDI DOHC';'Gasoline Fuel';'used';'Sport Utility';'2019 Subaru Crosstrek Premium Awd';'JF2GTACC9K8288866';'KRD';'27999';'US5024'
'Ford';'Expedition';'2019';'XLT 4X4';'Agate Black Metallic';'Ebony';'Automatic';'50799';'3.5L V6 24V GDI DOHC Twin Turbo';'Gasoline Fuel';'used';'Sport Utility';'2019 Ford Expedition XLT 4X4';'1FMJU1JT6KEA22061';'U1J';'52999';'US5015'
'Ford';'F-150';'2019';'XL SuperCrew';'Agate Black Metallic';'Dark Earth Gray';'Automatic';'41999';'5.0L V8 32V PDI DOHC';'Gasoline Fuel';'used';'Crew Cab Pickup';'2019 Ford F-150 XL SuperCrew';'1FTEW1E5XKFA26698';'W1E';'43999';'US5026'
'Subaru';'Forester';'2019';'AWD';'Jasper Green Metallic';'Gray';'Variable';'25999';'2.5L H4 16V GDI DOHC';'Gasoline Fuel';'used';'Sport Utility';'2019 Subaru Forester AWD';'JF2SKAAC5KH514739';'KFB';'27999';'US5018'
'Ford';'Explorer';'2019';'XLT 4WD';'Agate Black Metallic';'Ebony Black';'Automatic';'33999';'3.5L V6 24V MPFI DOHC';'Gasoline Fuel';'used';'Sport Utility';'2019 Ford Explorer XLT 4WD';'1FM5K8D86KGA02033';'K8D';'36999';'US5041'
'Ford';'Escape';'2019';'SE 4WD';'Sedona Orange Metallic';'Chromite Gray/Chrcl Black';'Automatic';'23799';'1.5L I4 16V GDI DOHC Turbo';'Gasoline Fuel';'used';'Sport Utility';'2019 Ford Escape SE 4WD';'1FMCU9GDXKUB42104';'U9G';'26999';'US5034'
'Ford';'Escape';'2019';'SEL AWD';'Oxford White';'Charcoal Black';'Automatic';'26499';'1.5L I4 16V GDI DOHC Turbo';'Gasoline Fuel';'used';'Sport Utility';'2019 Ford Escape SEL AWD';'1FMCU9HD1KUA84480';'U9H';'27999';'US5046'
'Ford';'Edge';'2019';'SEL AWD';'Magnetic Metallic';'Ebony';'Automatic';'29999';'2.0L I4 16V GDI DOHC Turbo';'Gasoline Fuel';'used';'Sport Utility';'2019 Ford Edge SEL AWD';'2FMPK4J99KBB17330';'K4J';'30999';'US5042'
'Ford';'Explorer';'2019';'XLT 4WD';'Oxford White';'Ebony Black';'Automatic';'33499';'3.5L V6 24V MPFI DOHC';'Gasoline Fuel';'used';'Sport Utility';'2019 Ford Explorer XLT 4WD';'1FM5K8D88KGA99591';'K8D';'35999';'US5050'
'Subaru';'Outback';'2019';'Limited Awd';'Crimson Red Pearl';'Warm Ivory';'Variable';'30999';'2.5L H4 16V MPFI DOHC';'Gasoline Fuel';'used';'Sport Utility';'2019 Subaru Outback Limited Awd';'4S4BSANC7K3322773';'KDF';'31999';'US5058'
'Ford';'Escape';'2019';'SEL AWD';'Agate Black Metallic';'Charcoal Black';'Automatic';'26499';'1.5L I4 16V GDI DOHC Turbo';'Gasoline Fuel';'used';'Sport Utility';'2019 Ford Escape SEL AWD';'1FMCU9HD5KUA73112';'U9H';'28999';'US5062'
'Ford';'Escape';'2019';'SEL AWD';'Magnetic Metallic';'Charcoal Black';'Automatic';'25799';'1.5L I4 16V GDI DOHC Turbo';'Gasoline Fuel';'used';'Sport Utility';'2019 Ford Escape SEL AWD';'1FMCU9HD7KUB84034';'U9H';'27999';'US5063'
'Ford';'Escape';'2019';'SEL AWD';'Oxford White';'Charcoal Black';'Automatic';'26799';'1.5L I4 16V GDI DOHC Turbo';'Gasoline Fuel';'used';'Sport Utility';'2019 Ford Escape SEL AWD';'1FMCU9HDXKUB73688';'U9H';'28999';'US5069'
'Dodge';'Durango';'2019';'SXT AWD';'Granite Clearcoat';'Black';'Automatic';'30999';'3.6L V6 24V MPFI DOHC';'Gasoline Fuel';'used';'Sport Utility';'2019 Dodge Durango SXT AWD';'1C4RDJAG9KC781356';'WDEL75';'33999';'US5073'
'Subaru';'Forester';'2019';'Premium Awd';'Ice Silver Metallic';'Black';'Variable';'25499';'2.5L H4 16V GDI DOHC';'Gasoline Fuel';'used';'Sport Utility';'2019 Subaru Forester Premium Awd';'JF2SKAEC0KH489551';'KFF';'27999';'US5082'
'Nissan';'Rogue';'2019';'SV AWD';'Magnetic Black Pearl';'Charcoal';'Variable';'22499';'2.5L I4 16V MPFI DOHC';'Gasoline Fuel';'used';'Sport Utility';'2019 Nissan Rogue SV AWD';'KNMAT2MV5KP527040';'22219';'24999';'US5076'
'Ford';'EcoSport';'2019';'S';'Lightning Blue Metallic';'Medium Stone';'Automatic';'18999';'1.0L I3 12V GDI DOHC Turbo';'Gasoline Fuel';'used';'Sport Utility';'2019 Ford EcoSport S';'MAJ3S2FE8KC283275';'S2F';'20999';'US5078'
'Ford';'Explorer';'2019';'XLT 4WD';'Oxford White';'Ebony Black';'Automatic';'33999';'2.3L I4 16V GDI DOHC Turbo';'Gasoline Fuel';'used';'Sport Utility';'2019 Ford Explorer XLT 4WD';'1FM5K8DH7KGB18857';'K8D';'35999';'US5088'
'Ford';'Escape';'2019';'SEL 4WD';'Magnetic Metallic';'Charcoal Black';'Automatic';'24499';'1.5L I4 16V GDI DOHC Turbo';'Gasoline Fuel';'used';'Sport Utility';'2019 Ford Escape SEL 4WD';'1FMCU9HD5KUA66273';'U9H';'26999';'US5096'
'Ford';'Edge';'2019';'SE AWD';'Ingot Silver Metallic';'Ebony';'Automatic';'26999';'2.0L I4 16V GDI DOHC Turbo';'Gasoline Fuel';'used';'Sport Utility';'2019 Ford Edge SE AWD';'2FMPK4G9XKBB17358';'K4G';'28999';'US5092'
'Ford';'Escape';'2019';'SEL 4WD';'Lightning Blue Metallic';'Charcoal Black';'Automatic';'26999';'1.5L I4 16V GDI DOHC Turbo';'Gasoline Fuel';'used';'Sport Utility';'2019 Ford Escape SEL 4WD';'1FMCU9HD3KUA73108';'U9H';'28999';'US5103'
'Ford';'Escape';'2019';'SE 4WD';'Sedona Orange Metallic';'Medium Light Stone';'Automatic';'22999';'1.5L I4 16V GDI DOHC Turbo';'Gasoline Fuel';'used';'Sport Utility';'2019 Ford Escape SE 4WD';'1FMCU9GD1KUA84447';'U9G';'25999';'US5114'
'Ford';'Escape';'2019';'SEL 4WD';'Oxford White';'Charcoal Black';'Automatic';'26499';'1.5L I4 16V GDI DOHC Turbo';'Gasoline Fuel';'used';'Sport Utility';'2019 Ford Escape SEL 4WD';'1FMCU9HD5KUA08972';'U9H';'28999';'US5115'
'Subaru';'Crosstrek';'2019';'Premium Awd';'Cool Gray Khaki';'Black';'Variable';'25999';'2.0L H4 16V GDI DOHC';'Gasoline Fuel';'used';'Sport Utility';'2019 Subaru Crosstrek Premium Awd';'JF2GTACC3K8271304';'KRD';'28999';'US5109'
'Subaru';'Crosstrek';'2019';'Premium Awd';'Venetian Red Pearl';'Black';'Variable';'26999';'2.0L H4 16V GDI DOHC';'Gasoline Fuel';'used';'Sport Utility';'2019 Subaru Crosstrek Premium Awd';'JF2GTAEC3K8341185';'KRD';'29999';'US5113'
'Subaru';'Crosstrek';'2019';'Limited Awd';'Quartz Blue Pearl';'Gray';'Variable';'27999';'2.0L H4 16V GDI DOHC';'Gasoline Fuel';'used';'Sport Utility';'2019 Subaru Crosstrek Limited Awd';'JF2GTAMC1K8291162';'KRE';'29999';'US5110'
'Ford';'Explorer';'2019';'XLT 4WD';'Magnetic Metallic';'Ebony Black';'Automatic';'33499';'3.5L V6 24V MPFI DOHC';'Gasoline Fuel';'used';'Sport Utility';'2019 Ford Explorer XLT 4WD';'1FM5K8D8XKGA74837';'K8D';'35999';'US5117'
'Ford';'Edge';'2019';'ST AWD';'Ruby Red Metallic Tinted Clearcoat';'Ebony';'Automatic';'38499';'2.7L V6 24V GDI DOHC Twin Turbo';'Gasoline Fuel';'used';'Sport Utility';'2019 Ford Edge ST AWD';'2FMPK4AP3KBB78669';'K4A';'39999';'US5128'
'Subaru';'Legacy';'2019';'Premium Awd';'Magnetite Gray Metallic';'Titanium Gray';'Variable';'25499';'2.5L H4 16V MPFI DOHC';'Gasoline Fuel';'used';'4dr Car';'2019 Subaru Legacy Premium Awd';'4S3BNAF69K3027484';'KAD';'26999';'US5122'
'MINI';'Convertible';'2019';'Cooper S';'Moonwalk Grey Metallic';'Carbon Black';'Automatic';'30999';'2.0L I4 16V GDI DOHC Turbo';'Gasoline Fuel';'used';'Convertible';'2019 MINI Cooper S Convertible';'WMWWG9C58K3D22842';'19ME';'34999';'US5121'
'Subaru';'Outback';'2019';'Limited Awd';'Crimson Red Pearl';'Warm Ivory';'Variable';'34499';'3.6L H6 24V MPFI DOHC';'Gasoline Fuel';'used';'Sport Utility';'2019 Subaru Outback Limited Awd';'4S4BSENC9K3265760';'KDK';'35999';'US5142'
'Ford';'Explorer';'2019';'Platinum 4WD';'Blue Metallic';'Ebony Black';'Automatic';'43499';'3.5L V6 24V GDI DOHC Twin Turbo';'Gasoline Fuel';'used';'Sport Utility';'2019 Ford Explorer Platinum 4WD';'1FM5K8HTXKGA67319';'K8H';'45999';'US5151'
'Ford';'F-150';'2019';'XLT SuperCrew';'Ruby Red Metallic Tinted Clearcoat';'Black';'Automatic';'44499';'5.0L V8 32V PDI DOHC';'Gasoline Fuel';'used';'Crew Cab Pickup';'2019 Ford F-150 XLT SuperCrew';'1FTEW1E57KFC51872';'W1E';'48999';'US5146'
'Ford';'Fusion Energi';'2019';'Titanium';'Ingot Silver Metallic';'Ebony';'Variable';'24499';'2.0L I4 16V MPFI DOHC Hybrid';'Hybrid Fuel';'used';'4dr Car';'2019 Ford Fusion Energi Titanium';'3FA6P0SU6KR244735';'P0S';'26999';'US5148'
'Ford';'Edge';'2019';'SEL AWD';'Magnetic Metallic';'Ebony';'Automatic';'29499';'2.0L I4 16V GDI DOHC Turbo';'Gasoline Fuel';'used';'Sport Utility';'2019 Ford Edge SEL AWD';'2FMPK4J90KBB18785';'K4J';'31999';'US5160'
'Kia';'Sorento';'2019';'LX AWD';'Ebony Black';'Satin Black';'Automatic';'29499';'2.4L I4 16V GDI DOHC';'Gasoline Fuel';'used';'Sport Utility';'2019 Kia Sorento LX AWD';'5XYPGDA33KG545584';'73422';'30999';'US5159'
'Ford';'Fusion Hybrid';'2019';'SE';'Agate Black';'Ebony';'Variable';'23499';'2.0L I4 16V MPFI DOHC Hybrid';'Hybrid Fuel';'used';'4dr Car';'2019 Ford Fusion Hybrid SE';'3FA6P0LU5KR191864';'P0L';'25999';'US5172'
'Ford';'Fusion Hybrid';'2019';'SE';'Oxford White';'Ebony';'Variable';'25499';'2.0L I4 16V MPFI DOHC Hybrid';'Hybrid Fuel';'used';'4dr Car';'2019 Ford Fusion Hybrid SE';'3FA6P0LU7KR208227';'P0L';'26999';'US5171'
'Subaru';'Outback';'2019';'Premium Awd';'Crimson Red Pearl';'Warm Ivory';'Variable';'29499';'2.5L H4 16V MPFI DOHC';'Gasoline Fuel';'used';'Sport Utility';'2019 Subaru Outback Premium Awd';'4S4BSAHC2K3268228';'KDD';'32999';'US5169'
'Subaru';'Forester';'2019';'Touring 4WD';'Dark Gray Metallic';'Black';'Variable';'34799';'2.5L H4 16V GDI DOHC';'Gasoline Fuel';'used';'Sport Utility';'2019 Subaru Forester Touring 4WD';'JF2SKAWC5KH503202';'KFJ';'36999';'US5173'
'Ford';'EcoSport';'2019';'SE 4WD';'Diamond White';'Ebony Black';'Automatic';'21999';'2.0L I4 16V GDI DOHC';'Gasoline Fuel';'used';'Sport Utility';'2019 Ford EcoSport SE 4WD';'MAJ6S3GL1KC270500';'S3G';'23999';'US5168'
'Subaru';'WRX';'2019';'Premium Awd';'Crystal Black Pearl';'Carbon Black';'Manual';'29999';'2.0L H4 16V GDI DOHC Turbo';'Gasoline Fuel';'used';'4dr Car';'2019 Subaru WRX Premium Awd';'JF1VA1C65K9802072';'KUO';'33999';'US5186'
'Ford';'EcoSport';'2019';'SES 4WD';'Smoke Metallic';'Ebony Black';'Automatic';'23499';'2.0L I4 16V GDI DOHC';'Gasoline Fuel';'used';'Sport Utility';'2019 Ford EcoSport SES 4WD';'MAJ6S3JL7KC293644';'S3J';'25999';'US5179'
'Ford';'Explorer';'2019';'Sport 4WD';'White Platinum Metallic Tri Coat';'Ebony Black w/Red Accent';'Automatic';'38499';'3.5L V6 24V GDI DOHC Twin Turbo';'Gasoline Fuel';'used';'Sport Utility';'2019 Ford Explorer Sport 4WD';'1FM5K8GT3KGA57099';'K8G';'41999';'US5189'
'Ford';'Escape';'2019';'SE';'White Platinum Metallic Tri-Coat';'Chromite Gray/Chrcl Black';'Automatic';'23499';'1.5L I4 16V GDI DOHC Turbo';'Gasoline Fuel';'used';'Sport Utility';'2019 Ford Escape SE';'1FMCU0GD2KUA57981';'U0G';'24999';'US5203'
'Ford';'Escape';'2019';'SEL 4WD';'Oxford White';'Charcoal Black';'Automatic';'25499';'1.5L I4 16V GDI DOHC Turbo';'Gasoline Fuel';'used';'Sport Utility';'2019 Ford Escape SEL 4WD';'1FMCU9HD7KUA73113';'U9H';'27999';'US5210'
'Subaru';'Crosstrek';'2019';'Premium Awd';'Dark Gray Metallic';'Gray';'Variable';'26999';'2.0L H4 16V GDI DOHC';'Gasoline Fuel';'used';'Sport Utility';'2019 Subaru Crosstrek Premium Awd';'JF2GTAEC6K8302851';'KRD';'29999';'US5200'
'Ford';'Escape';'2019';'SEL 4WD';'Magnetic Metallic';'Charcoal Black';'Automatic';'26799';'1.5L I4 16V GDI DOHC Turbo';'Gasoline Fuel';'used';'Sport Utility';'2019 Ford Escape SEL 4WD';'1FMCU9HD5KUA08969';'U9H';'27999';'US5215'
'Subaru';'Forester';'2019';'Limited AWD';'Crystal White Pearl';'Gray';'Variable';'31799';'2.5L H4 16V GDI DOHC';'Gasoline Fuel';'used';'Sport Utility';'2019 Subaru Forester Limited AWD';'JF2SKASC4KH425484';'KFI';'33999';'US5209'
'Ford';'Explorer';'2019';'XLT 4WD';'Agate Black Metallic';'Ebony Black';'Automatic';'35499';'3.5L V6 24V MPFI DOHC';'Gasoline Fuel';'used';'Sport Utility';'2019 Ford Explorer XLT 4WD';'1FM5K8D82KGB19060';'K8D';'37999';'US5220'
'Ford';'Escape';'2019';'SE 4WD';'White Platinum Metallic Tri-Coat';'Chromite Gray/Chrcl Black';'Automatic';'24499';'1.5L I4 16V GDI DOHC Turbo';'Gasoline Fuel';'used';'Sport Utility';'2019 Ford Escape SE 4WD';'1FMCU9GD5KUB74085';'U9G';'26999';'US5214'
'Chevrolet';'Colorado';'2019';'4WD Crew Cab';'Black';'Jet Black/Dark Ash';'Automatic';'32499';'3.6L V6 24V GDI DOHC';'Gasoline Fuel';'used';'Crew Cab Pickup';'2019 Chevrolet Colorado 4WD Crew Cab';'1GCGTBEN6K1344967';'12M43';'34999';'US5217'
'Ford';'Escape';'2019';'SE 4WD';'Magnetic Metallic';'Chromite Gray/Chrcl Black';'Automatic';'26499';'1.5L I4 16V GDI DOHC Turbo';'Gasoline Fuel';'used';'Sport Utility';'2019 Ford Escape SE 4WD';'1FMCU9GD2KUA08963';'U9G';'27999';'US5222'
'Ford';'Fusion Hybrid';'2019';'SE';'Magnetic Metallic';'Ebony';'Variable';'23999';'2.0L I4 16V MPFI DOHC Hybrid';'Hybrid Fuel';'used';'4dr Car';'2019 Ford Fusion Hybrid SE';'3FA6P0LU3KR208225';'P0L';'25999';'US5221'
'RAM';'1500';'2019';'BIG HORN BLACK QUAD CAB 4X4';'Diamond Black Crystal Pearlcoat';'Diesel Gray/Black';'Automatic';'39999';'5.7L V8 16V MPFI OHV';'Gasoline Fuel';'used';'Crew Cab Pickup';'2019 RAM 1500 BIG HORN BLACK QUAD CAB 4X4';'1C6SRFBT1KN546442';'DT6H41';'42999';'US5238'
'Ford';'Explorer';'2019';'XLT 4WD';'Magnetic Metallic';'Ebony Black';'Automatic';'35999';'3.5L V6 24V MPFI DOHC';'Gasoline Fuel';'used';'Sport Utility';'2019 Ford Explorer XLT 4WD';'1FM5K8D83KGA43879';'K8D';'37999';'US5231'
'Ford';'Escape';'2019';'SE 4WD';'Oxford White';'Chromite Gray/Chrcl Black';'Automatic';'25999';'1.5L I4 16V GDI DOHC Turbo';'Gasoline Fuel';'used';'Sport Utility';'2019 Ford Escape SE 4WD';'1FMCU9GD5KUA57333';'U9G';'27999';'US5233'
'Ford';'F-150';'2019';'XL SuperCab';'Velocity Blue Metallic';'Medium Earth Gray';'Automatic';'36999';'3.3L V6 24V PDI DOHC Flexible Fuel';'Gasoline Fuel';'used';'Extended Cab Pickup';'2019 Ford F-150 XL SuperCab';'1FTEX1EB7KKD35863';'X1E';'38999';'US5236'
'Ford';'Edge';'2019';'SEL AWD';'Agate Black Metallic';'Ebony';'Automatic';'31999';'2.0L I4 16V GDI DOHC Turbo';'Gasoline Fuel';'used';'Sport Utility';'2019 Ford Edge SEL AWD';'2FMPK4J90KBB58980';'K4J';'33999';'US5250'
'Subaru';'Forester';'2019';'Premium Awd';'Jasper Green Metallic';'Gray';'Variable';'28999';'2.5L H4 16V GDI DOHC';'Gasoline Fuel';'used';'Sport Utility';'2019 Subaru Forester Premium Awd';'JF2SKAGC1KH445149';'KFF';'30999';'US5249'
'Ford';'Explorer';'2019';'Sport 4WD';'Agate Black Metallic';'Ebony Black w/Red Accent';'Automatic';'39999';'3.5L V6 24V GDI DOHC Twin Turbo';'Gasoline Fuel';'used';'Sport Utility';'2019 Ford Explorer Sport 4WD';'1FM5K8GT7KGA02008';'K8G';'40999';'US5262'
'Ford';'Explorer';'2019';'XLT 4WD';'Oxford White';'Ebony Black';'Automatic';'34999';'3.5L V6 24V MPFI DOHC';'Gasoline Fuel';'used';'Sport Utility';'2019 Ford Explorer XLT 4WD';'1FM5K8D82KGB32536';'K8D';'36999';'US5263'
'Ford';'Ranger';'2019';'LARIAT SuperCrew';'Oxford White';'Ebony';'Automatic';'38999';'2.3L I4 16V GDI DOHC Turbo';'Gasoline Fuel';'used';'Crew Cab Pickup';'2019 Ford Ranger LARIAT SuperCrew';'1FTER4FH8KLA07134';'R4F';'40999';'US5266'
'Ford';'Escape';'2019';'SE 4WD';'Sedona Orange Metallic';'Chromite Gray/Chrcl Black';'Automatic';'23999';'1.5L I4 16V GDI DOHC Turbo';'Gasoline Fuel';'used';'Sport Utility';'2019 Ford Escape SE 4WD';'1FMCU9GD5KUA00615';'U9G';'25999';'US5264'
'Ford';'Explorer';'2019';'XLT 4WD';'Magnetic Metallic';'Ebony Black';'Automatic';'34999';'3.5L V6 24V MPFI DOHC';'Gasoline Fuel';'used';'Sport Utility';'2019 Ford Explorer XLT 4WD';'1FM5K8D80KGB32549';'K8D';'36999';'US5275'
'Ford';'Explorer';'2019';'XLT 4WD';'Magnetic Metallic';'Ebony Black';'Automatic';'34999';'3.5L V6 24V MPFI DOHC';'Gasoline Fuel';'used';'Sport Utility';'2019 Ford Explorer XLT 4WD';'1FM5K8D88KGA57082';'K8D';'36999';'US5276'
'Ford';'Escape';'2019';'Titanium 4WD';'White Platinum Metallic Tri-Coat';'Charcoal Black';'Automatic';'29699';'2.0L I4 16V GDI DOHC Turbo';'Gasoline Fuel';'used';'Sport Utility';'2019 Ford Escape Titanium 4WD';'1FMCU9J93KUA00620';'U9J';'30999';'US5292'
'Ford';'F-150';'2019';'Base';'Magnetic';'';'Automatic';'42087';'3.5L V6 24V PDI DOHC Twin Turbo';'Gasoline Fuel';'used';'Crew Cab Pickup';'2019 Ford F-150';'1FTEW1E4XKFB56178';'W1E';'0';'US5289'
'Ford';'F-150';'2019';'XLT SuperCrew';'Oxford White';'RED';'Automatic';'43999';'5.0L V8 32V PDI DOHC';'Gasoline Fuel';'used';'Crew Cab Pickup';'2019 Ford F-150 XLT SuperCrew';'1FTEW1E50KFA26578';'W1E';'45999';'US5296'
'Ford';'Edge';'2019';'SEL AWD';'Magnetic Metallic';'Ebony';'Automatic';'32999';'2.0L I4 16V GDI DOHC Turbo';'Gasoline Fuel';'used';'Sport Utility';'2019 Ford Edge SEL AWD';'2FMPK4J95KBC37819';'K4J';'0';'US5297'
'Ford';'Edge';'2019';'Titanium AWD';'Agate Black Metallic';'Ebony';'Automatic';'35999';'2.0L I4 16V GDI DOHC Turbo';'Gasoline Fuel';'used';'Sport Utility';'2019 Ford Edge Titanium AWD';'2FMPK4K90KBC10834';'K4K';'36999';'US5277'
'Ford';'Fiesta';'2019';'SE';'Shadow Black';'Charcoal Black';'Automatic';'17999';'1.6L I4 16V MPFI DOHC';'Gasoline Fuel';'used';'Hatchback';'2019 Ford Fiesta SE';'3FADP4EJ5KM125443';'P4E';'18999';'US5281'
'Ford';'EcoSport';'2019';'SE 4WD';'Blue Candy Metallic Tinted Clearcoat';'Ebony Black';'Automatic';'23999';'2.0L I4 16V GDI DOHC';'Gasoline Fuel';'used';'Sport Utility';'2019 Ford EcoSport SE 4WD';'MAJ6S3GL8KC265889';'S3G';'24999';'US5285'
'Land Rover';'Discovery Sport';'2019';'SE 4WD';'Yulong White Metallic';'Ebony/Ebony';'Automatic';'32999';'I4';'Gasoline Fuel';'used';'Sport Utility';'2019 Land Rover Discovery Sport SE 4WD';'SALCP2FXXKH789098';'AD550/350QB';'35999';'US5298'
'Ford';'Escape';'2019';'Titanium';'Blue';'';'Automatic';'23405';'2.0L I4 16V GDI DOHC Turbo';'Gasoline Fuel';'used';'Sport Utility';'2019 Ford Escape Titanium';'1FMCU9J97KUA56298';'U9J';'0';'US5303'
'Ford';'Edge';'2019';'Titanium';'Blue Metallic';'Ebony';'Automatic';'30234';'2.0L I4 16V GDI DOHC Turbo';'Gasoline Fuel';'used';'Sport Utility';'2019 Ford Edge Titanium';'2FMPK4K98KBB72804';'K4K';'0';'US5318'
'RAM';'1500';'2019';'Big Horn/Lone Star';'Diamond Black Crystal Pearlcoat';'Diesel Gray/Black';'Automatic';'33945';'6 Cyl - 3.6 L';'Hybrid Fuel';'used';'Crew Cab Pickup';'2019 RAM 1500 Big Horn/Lone Star';'1C6RRFFG3KN817626';'DT6H98';'0';'US5323'
'Ford';'Expedition';'2020';'XLT 4X4';'Oxford White';'Ebony';'Automatic';'62999';'3.5L V6 24V GDI DOHC Twin Turbo';'Gasoline Fuel';'used';'Sport Utility';'2020 Ford Expedition XLT 4X4';'1FMJU1JT9LEA08544';'U1J';'66999';'US3151'
'Ford';'F-150';'2020';'LARIAT SuperCrew';'Iconic Silver Metallic';'Medium Light Camel';'Automatic';'54999';'2.7L V6 24V PDI DOHC Twin Turbo';'Gasoline Fuel';'used';'Crew Cab Pickup';'2020 Ford F-150 LARIAT SuperCrew';'1FTEW1EP1LKE82521';'W1E';'59999';'US3150'
'Ford';'Explorer';'2020';'XLT 4WD';'Oxford White';'Ebony';'Automatic';'41499';'2.3L I4 16V GDI DOHC Turbo';'Gasoline Fuel';'used';'Sport Utility';'2020 Ford Explorer XLT 4WD';'1FMSK8DHXLGB37715';'K8D';'44999';'US3259'
'Ford';'Expedition';'2020';'Limited 4X4';'Iconic Silver Metallic';'Ebony';'Automatic';'65999';'3.5L V6 24V GDI DOHC Twin Turbo';'Gasoline Fuel';'used';'Sport Utility';'2020 Ford Expedition Limited 4X4';'1FMJU2AT7LEA84320';'U2A';'73999';'US3359'
'Ford';'Explorer';'2020';'XLT 4WD';'Oxford White';'Ebony';'Automatic';'40999';'2.3L I4 16V GDI DOHC Turbo';'Gasoline Fuel';'used';'Sport Utility';'2020 Ford Explorer XLT 4WD';'1FMSK8DHXLGB17738';'K8D';'46999';'US3538'
'Subaru';'Outback';'2020';'Premium Awd';'Crystal Black Silica';'Titanium Gray';'Variable';'35499';'2.5L H4 16V GDI DOHC';'Gasoline Fuel';'used';'Sport Utility';'2020 Subaru Outback Premium Awd';'4S4BTAEC4L3213329';'LDD';'39999';'US4602'
'Subaru';'Outback';'2020';'Premium Awd';'Ice Silver Metallic';'Titanium Gray';'Variable';'33499';'2.5L H4 16V GDI DOHC';'Gasoline Fuel';'used';'Sport Utility';'2020 Subaru Outback Premium Awd';'4S4BTACC7L3162055';'LDD';'36999';'US4687'
'Subaru';'Forester';'2020';'Limited Awd';'Magnetite Gray Metallic';'Black';'Variable';'33999';'2.5L H4 16V GDI DOHC';'Gasoline Fuel';'used';'Sport Utility';'2020 Subaru Forester Limited Awd';'JF2SKAUC7LH498931';'LFI';'37999';'US4723'
'Subaru';'Forester';'2020';'Sport AWD';'Dark Blue Pearl';'Gray';'Variable';'34999';'2.5L H4 16V GDI DOHC';'Gasoline Fuel';'used';'Sport Utility';'2020 Subaru Forester Sport AWD';'JF2SKARC0LH560212';'LFG';'39999';'US4762'
'Ford';'Fusion Hybrid';'2020';'SE';'Magnetic Metallic';'Ebony';'Variable';'25499';'2.0L I4 16V MPFI DOHC Hybrid';'Hybrid Fuel';'used';'4dr Car';'2020 Ford Fusion Hybrid SE';'3FA6P0LU8LR121325';'P0L';'27999';'US5089'
'Ford';'Escape';'2020';'SE AWD';'Agate Black Metallic';'Dark Earth Gray';'Automatic';'28999';'1.5L I3 12V GDI DOHC Turbo';'Gasoline Fuel';'used';'Sport Utility';'2020 Ford Escape SE AWD';'1FMCU9G64LUA04190';'U9G';'31999';'US5099'
'Subaru';'Legacy';'2020';'Limited Awd';'Crystal White Pearl';'Warm Ivory';'Variable';'31999';'2.5L H4 16V GDI DOHC';'Gasoline Fuel';'used';'4dr Car';'2020 Subaru Legacy Limited Awd';'4S3BWAL66L3025887';'LAF';'34999';'US5111'
'Ford';'Escape';'2020';'SEL AWD';'Oxford White';'Ebony';'Automatic';'30499';'1.5L I3 12V GDI DOHC Turbo';'Gasoline Fuel';'used';'Sport Utility';'2020 Ford Escape SEL AWD';'1FMCU9H67LUA19751';'U9H';'31999';'US5123'
'Subaru';'Ascent';'2020';'Limited Awd';'Magnetite Gray Metallic';'Slate Black';'Variable';'41499';'2.4L H4 16V GDI DOHC Turbo';'Gasoline Fuel';'used';'Sport Utility';'2020 Subaru Ascent Limited Awd';'4S4WMALD7L3429914';'LCD';'43999';'US5126'
'Lincoln';'Navigator';'2020';'Reserve 4X4';'Infinite Black';'Ebony';'Automatic';'79499';'3.5L V6 24V PDI DOHC Twin Turbo';'Gasoline Fuel';'used';'Sport Utility';'2020 Lincoln Navigator Reserve 4X4';'5LMJJ2LT8LEL04776';'J2L';'81999';'US5153'
'Ford';'F-150';'2020';'XLT SuperCrew';'Agate Black Metallic';'Black';'Automatic';'46999';'3.5L V6 24V PDI DOHC Twin Turbo';'Gasoline Fuel';'used';'Crew Cab Pickup';'2020 Ford F-150 XLT SuperCrew';'1FTEW1E4XLKD93665';'W1E';'46999';'US5163'
'Acura';'RDX';'2020';'SH-AWD w/Technology Pkg';'Majestic Black Pearl';'Ebony';'Automatic';'38999';'2.0L I4 16V GDI DOHC Turbo';'Gasoline Fuel';'used';'Sport Utility';'2020 Acura RDX SH-AWD w/Technology Pkg';'5J8TC2H54LL029425';'TC2H5LKNW';'41999';'US5216'
'Hyundai';'Santa Fe';'2020';'Limited AWD';'Portofino Gray';'Black/Black';'Automatic';'37999';'2.0L I4 16V GDI DOHC Turbo';'Gasoline Fuel';'used';'Sport Utility';'2020 Hyundai Santa Fe Limited AWD';'5NMS5CAA8LH200471';'644A2AT5';'39999';'US5269'
'Ford';'F-550 DRW';'2020';'XL 4WD 12FT LANDSCAPE DUMP';'Oxford White';'Medium Earth Gray';'Automatic';'72999';'7.3L V8 16V MPFI OHV';'Gasoline Fuel';'used';'Regular Cab Chassis-Cab';'2020 Ford F-550 DRW XL 4WD 12FT LANDSCAPE DUMP';'1FDUF5HN3LEE11568';'F5H';'75999';'US5273'
'Ford';'Fusion Plug-In Hybrid';'2020';'Titanium';'Agate Black Metallic';'Ebony';'Variable';'27999';'2.0L I4 16V MPFI DOHC Hybrid';'Hybrid Fuel';'used';'4dr Car';'2020 Ford Fusion Plug-In Hybrid Titanium';'3FA6P0SU7LR158318';'P0S';'0';'US5294'
'Ford';'Ranger';'2020';'Base';'Silver';'';'Automatic';'36876';'4 Cyl - 2.3 L';'Gasoline Fuel';'used';'Crew Cab Pickup';'2020 Ford Ranger';'1FTER4FH6LLA83792';'R4F';'0';'US5324'
'Subaru';'Outback';'2021';'Premium Awd';'Crystal White Pearl';'Slate Black';'Variable';'33299';'2.5L H4 16V GDI DOHC';'Gasoline Fuel';'used';'Sport Utility';'2021 Subaru Outback Premium Awd';'4S4BTAFC4M3211032';'MDD';'35999';'US4861'
'Subaru';'Crosstrek';'2021';'Sport AWD';'Crystal White Pearl';'Gray w/Yellow Stitching';'Variable';'33499';'2.0L';'Gasoline Fuel';'used';'Sport Utility';'2021 Subaru Crosstrek Sport AWD';'JF2GTHSC5MH214356';'MRE';'36999';'US4877'
'Subaru';'Forester';'2021';'Premium Awd';'Magnetite Gray Metallic';'Black';'Variable';'32999';'2.5L H4 16V GDI DOHC';'Gasoline Fuel';'used';'Sport Utility';'2021 Subaru Forester Premium Awd';'JF2SKAJC3MH517500';'MFF';'34999';'US5218'
'Subaru';'Forester';'2021';'Premium Awd';'Crystal Black Silica';'Black';'Variable';'32999';'2.5L H4 16V GDI DOHC';'Gasoline Fuel';'used';'Sport Utility';'2021 Subaru Forester Premium Awd';'JF2SKAJC4MH553079';'MFF';'34999';'US5219'
'Subaru';'Crosstrek';'2021';'Premium Awd';'Crystal White Pearl';'Black W/Orange Stitching';'Variable';'31999';'2.0L H4 16V GDI DOHC';'Gasoline Fuel';'used';'Sport Utility';'2021 Subaru Crosstrek Premium Awd';'JF2GTAPC1M8259522';'MRD';'33999';'US5274'
'Ford';'Explorer';'2021';'ST 4WD';'Infinite Blue Metallic Tinted Clearcoat';'Ebony';'Automatic';'54999';'3.0L V6 24V GDI DOHC Twin Turbo';'Gasoline Fuel';'used';'Sport Utility';'2021 Ford Explorer ST 4WD';'1FM5K8GC6MGA66270';'K8G';'56999';'US5288'
'Ford';'F-250';'2022';'King Ranch Crew Cab';'Oxford White';'Java';'Automatic';'74999';'6.2L V8 16V MPFI SOHC Flexible Fuel';'Gasoline Fuel';'used';'Crew Cab Pickup';'2022 Ford F-250 King Ranch Crew Cab';'1FT7W2B65NEC04653';'W2B';'78999';'US5206'
'INFINITI';'QX4';'1999';'Luxury';'Tuscan Beige';'Stone Beige';'Automatic';'5995';'3.3L V6 12V MPFI SOHC';'Gasoline Fuel';'used';'Sport Utility';'1999 INFINITI QX4 Luxury';'JNRAR05Y1XW042919';'71019';'7995';'U30058'
'Honda';'Civic Sdn';'2008';'EX';'Galaxy Gray Metallic';'';'Automatic';'6995';'1.8L I4 16V MPFI SOHC';'Gasoline Fuel';'used';'4dr Car';'2008 Honda Civic Sdn EX';'2HGFA16888H348244';'';'9995';'U30057'
'Ford';'F-150';'2010';'Lariat';'Royal Red Metallic';'Tan';'Automatic';'19495';'5.4L V8 24V MPFI SOHC Flexible Fuel';'Flex Fuel';'used';'Crew Cab Pickup';'2010 Ford F-150 Lariat';'1FTFW1EV5AFB35590';'W1E';'24995';'U14067'
'Ford';'F-150';'2011';'XLT';'Sterling Gray Metallic';'Steel Gray';'Automatic';'20495';'5.0L V8 32V MPFI DOHC Flexible Fuel';'Flex Fuel';'used';'Crew Cab Pickup';'2011 Ford F-150 XLT';'1FTFW1EF4BFA98879';'W1E';'23995';'U14077'
'Chrysler';'Town & Country';'2011';'Limited';'Stone White';'Black/Light Graystone Interior';'Automatic';'10995';'3.6L V6 24V MPFI DOHC Flexible Fuel';'Flex Fuel';'used';'Mini-van, Passenger';'2011 Chrysler Town &amp; Country Limited';'2A4RR6DGXBR609672';'RTYS53';'12995';'U30063'
'Ford';'Edge';'2014';'SEL';'Mineral Gray Metallic';'Medium Light Stone';'Automatic';'13995';'3.5L V6 24V MPFI DOHC';'Gasoline Fuel';'used';'Sport Utility';'2014 Ford Edge SEL';'2FMDK3JC1EBA32401';'K3J';'19995';'U14019'
'Acura';'RLX';'2014';'Tech Pkg';'Crystal Black Pearl';'Graystone';'Automatic';'19495';'3.5L V6 24V GDI SOHC';'Gasoline Fuel';'used';'4dr Car';'2014 Acura RLX Tech Pkg';'JH4KC1F58EC003032';'KC1F5EKNW';'21995';'U14097'
'Kia';'Sorento';'2014';'LX';'Titanium Silver';'Black';'Automatic';'14995';'3.3L V6 24V GDI DOHC';'Gasoline Fuel';'used';'Sport Utility';'2014 Kia Sorento LX';'5XYKT4A74EG461125';'74222';'18995';'U14099'
'Jeep';'Wrangler Unlimited';'2014';'Rubicon';'Black Clearcoat';'Black';'Automatic';'32995';'3.6L V6 24V MPFI DOHC';'Gasoline Fuel';'used';'Convertible';'2014 Jeep Wrangler Unlimited Rubicon';'1C4HJWFG8EL189011';'JKJS74';'35995';'U30061'
'Ford';'Escape';'2015';'SE';'Black';'';'Automatic';'14995';'1.6L I4 16V GDI DOHC Turbo';'Gasoline Fuel';'used';'Sport Utility';'2015 Ford Escape SE';'1FMCU9GX0FUB67657';'U9G';'18995';'U14016'
'Audi';'Q5';'2015';'Premium Plus';'Cuvee Silver Metallic';'';'Automatic';'21995';'2.0L I4 16V GDI DOHC Turbo Flexible Fuel';'Gasoline Fuel';'used';'Sport Utility';'2015 Audi Q5 Premium Plus';'WA1LFAFP8FA092526';'8RB52A';'25995';'U30055'
'Ford';'Flex';'2016';'SEL';'Ingot Silver Metallic';'Charcoal Black';'Automatic';'20995';'3.5L V6 24V MPFI DOHC';'Gasoline Fuel';'used';'Sport Utility';'2016 Ford Flex SEL';'2FMHK6C86GBA09453';'K6C';'23995';'U14138'
'RAM';'2500';'2016';'Tradesman';'Bright White Clearcoat';'Diesel Gray/Black';'Automatic';'39995';'5.7L V8 16V MPFI OHV';'Gasoline Fuel';'used';'Crew Cab Pickup';'2016 RAM 2500 Tradesman';'3C6TR5HT1GG259737';'DJ7L92';'41995';'U30002'
'RAM';'5500';'2016';'Tradesman';'Bright White Clearcoat';'Diesel Gray/Black';'Automatic';'48995';'6.7L I6 24V DDI OHV Turbo Diesel';'Diesel Fuel';'used';'Crew Cab Chassis-Cab';'2016 RAM 5500 Tradesman';'3C7WRNFL2GG135181';'DP0L94';'54995';'U14088'
'Mazda';'Mazda3';'2016';'i Touring';'Titanium Flash Mica';'Black';'Automatic';'18495';'2.0L I4 16V GDI DOHC';'Gasoline Fuel';'used';'Hatchback';'2016 Mazda3 i Touring';'JM1BM1M72G1337266';'M3HITRA';'20995';'U14105'
'Ford';'Edge';'2017';'Sport';'Red';'';'Automatic';'26595';'2.7L V6 24V GDI DOHC Twin Turbo';'Gasoline Fuel';'used';'Sport Utility';'2017 Ford Edge Sport';'2FMPK4AP9HBB14211';'K4A';'28995';'U14166'
'Volvo';'XC60';'2017';'Dynamic';'Osmium Grey Metallic';'Off-Black';'Automatic';'25995';'2.0L I4 16V GDI DOHC Turbo';'Gasoline Fuel';'used';'Sport Utility';'2017 Volvo XC60 Dynamic';'YV440MRR0H2084604';'XC60T5AWD';'29995';'U14187'
'Jeep';'Compass';'2017';'Trailhawk';'Diamond Black Crystal Pearlcoat';'Ruby Red/Black';'Automatic';'27995';'2.4L I4 16V MPFI SOHC';'Gasoline Fuel';'used';'Sport Utility';'2017 Jeep Compass Trailhawk';'3C4NJDDB7HT630943';'MPJH74';'32995';'U30006'
'Toyota';'Corolla';'2017';'LE';'Black Sand Pearl';'Ash';'Variable';'18495';'1.8L I4 16V MPFI DOHC';'Gasoline Fuel';'used';'4dr Car';'2017 Toyota Corolla LE';'2T1BURHE9HC882997';'1852';'21995';'U14071'
'Acura';'RDX';'2017';'Base';'Modern Steel Metallic';'Ebony';'Automatic';'27495';'3.5L V6 24V MPFI SOHC';'Gasoline Fuel';'used';'Sport Utility';'2017 Acura RDX';'5J8TB4H37HL004829';'TB4H3HJNW';'31995';'U14095'
'Volkswagen';'Jetta';'2017';'1.4T S';'Platinum Gray Metallic';'Titan Blk/Palladium Gray';'Manual';'16495';'1.4L I4 16V GDI DOHC Turbo';'Gasoline Fuel';'used';'4dr Car';'2017 Volkswagen Jetta 1.4T S';'3VW167AJ6HM313756';'1631F1';'19995';'U30040'
'Ford';'Super Duty F-250 SRW';'2017';'Lariat';'Oxford White';'Camel';'Automatic';'54495';'6.2L V8 16V MPFI SOHC Flexible Fuel';'Gasoline Fuel';'used';'Crew Cab Pickup';'2017 Ford Super Duty F-250 SRW Lariat';'1FT7W2B6XHEF04533';'W2B';'57995';'U14110'
'Subaru';'Impreza';'2017';'Premium';'Lapis Blue Pearl';'Ivory';'Variable';'23995';'2.0L H4 16V GDI DOHC';'Gasoline Fuel';'used';'Hatchback';'2017 Subaru Impreza Premium';'4S3GTAB66H3739302';'HLD';'26995';'U30049'
'Chevrolet';'Malibu';'2017';'LT';'Summit White';'Dark Atmosphere/Loft Brown';'Automatic';'23495';'1.5L I4 16V GDI DOHC Turbo';'Gasoline Fuel';'used';'4dr Car';'2017 Chevrolet Malibu LT';'1G1ZE5ST3HF264084';'1ZD69';'26995';'U30050'
'Ford';'EcoSport';'2018';'SE';'White Platinum Metallic Tri-Coat';'Ebony Black';'Automatic';'21495';'2.0L I4 16V GDI DOHC';'Gasoline Fuel';'used';'Sport Utility';'2018 Ford EcoSport SE';'MAJ6P1UL0JC171952';'P1U';'25995';'U13930'
'Ford';'Explorer';'2018';'XLT';'Ruby Red Metallic Tinted Clearcoat';'Ebony Black';'Automatic';'31495';'3.5L V6 24V MPFI DOHC';'Gasoline Fuel';'used';'Sport Utility';'2018 Ford Explorer XLT';'1FM5K8D85JGC11312';'K8D';'35995';'U13983'
'Ford';'Explorer';'2018';'Sport';'Magnetic Metallic';'Ebony Black w/Red Accent';'Automatic';'35995';'3.5L V6 24V GDI DOHC Twin Turbo';'Gasoline Fuel';'used';'Sport Utility';'2018 Ford Explorer Sport';'1FM5K8GT0JGC46968';'K8G';'39995';'U13992'
'Ford';'Edge';'2018';'SEL';'Magnetic Metallic';'Ebony';'Automatic';'28495';'3.5L V6 24V MPFI DOHC';'Gasoline Fuel';'used';'Sport Utility';'2018 Ford Edge SEL';'2FMPK4J80JBC45588';'K4J';'32995';'U13995'
'Ford';'Explorer';'2018';'XLT';'Blue Metallic';'Ebony Black';'Automatic';'31995';'2.3L I4 16V GDI DOHC Turbo';'Gasoline Fuel';'used';'Sport Utility';'2018 Ford Explorer XLT';'1FM5K8DH1JGB37967';'K8D';'35995';'U14011'
'Ford';'Edge';'2018';'SE';'Black';'';'Automatic';'23795';'2.0L I4 16V GDI DOHC Turbo';'Gasoline Fuel';'used';'Sport Utility';'2018 Ford Edge SE';'2FMPK4G99JBC45525';'K4G';'27995';'U14141'
'Dodge';'Durango';'2018';'GT';'Db Black Clearcoat';'Black';'Automatic';'38795';'3.6L V6 24V MPFI DOHC';'Gasoline Fuel';'used';'Sport Utility';'2018 Dodge Durango GT';'1C4RDJDG5JC452129';'WDEH75';'43995';'U14149'
'Jeep';'Cherokee';'2018';'Limited';'Bright White Clearcoat';'Black';'Automatic';'29995';'3.2L V6 24V MPFI DOHC';'Gasoline Fuel';'used';'Sport Utility';'2018 Jeep Cherokee Limited';'1C4PJMDX9JD549197';'KLJP74';'36995';'U14040'
'Ford';'Escape';'2018';'SE';'White Gold';'';'Automatic';'22795';'1.5L I4 16V GDI DOHC Turbo';'Gasoline Fuel';'used';'Sport Utility';'2018 Ford Escape SE';'1FMCU9GD7JUB93817';'U9G';'26995';'U14155'
'Ford';'Flex';'2018';'Limited';'';'';'Automatic';'31795';'3.5L V6 24V MPFI DOHC';'Gasoline Fuel';'used';'Sport Utility';'2018 Ford Flex Limited';'2FMHK6D85JBA00345';'K6D';'35895';'U14156'
'Mazda';'Mazda CX-5';'2018';'Grand Touring';'Soul Red Crystal Metallic';'Parchment';'Automatic';'26995';'2.5L I4 16V GDI DOHC';'Gasoline Fuel';'used';'Sport Utility';'2018 Mazda CX-5 Grand Touring';'JM3KFBDM9J0407551';'CX5GTXA';'32995';'U14050'
'Dodge';'Durango';'2018';'GT';'Octane Red Pearlcoat';'Black';'Automatic';'32995';'3.6L V6 24V MPFI DOHC';'Gasoline Fuel';'used';'Sport Utility';'2018 Dodge Durango GT';'1C4RDJDG3JC409327';'WDEH75';'38995';'U14053'
'Ford';'Edge';'2018';'SEL';'Magnetic Metallic';'Ebony';'Automatic';'28795';'2.0L I4 16V GDI DOHC Turbo';'Gasoline Fuel';'used';'Sport Utility';'2018 Ford Edge SEL';'2FMPK4J99JBC39071';'K4J';'33995';'U14054'
'Ford';'Escape';'2018';'SE';'';'';'Automatic';'23795';'1.5L I4 16V GDI DOHC Turbo';'Gasoline Fuel';'used';'Sport Utility';'2018 Ford Escape SE';'1FMCU9GD3JUD40196';'U9G';'28995';'U14172'
'Ford';'Escape';'2018';'SEL';'';'';'Automatic';'23995';'1.5L I4 16V GDI DOHC Turbo';'Gasoline Fuel';'used';'Sport Utility';'2018 Ford Escape SEL';'1FMCU9HD5JUA14821';'U9H';'27995';'U14168'
'Ford';'Escape';'2018';'SEL';'';'';'Automatic';'23795';'1.5L I4 16V GDI DOHC Turbo';'Gasoline Fuel';'used';'Sport Utility';'2018 Ford Escape SEL';'1FMCU9HDXJUD12068';'U9H';'27995';'U14171'
'Ford';'Edge';'2018';'SEL';'';'';'Automatic';'27495';'3.5L V6 24V MPFI DOHC';'Gasoline Fuel';'used';'Sport Utility';'2018 Ford Edge SEL';'2FMPK4J85JBC29886';'K4J';'32995';'U14169'
'BMW';'M3';'2018';'Base';'Austin Yellow Metallic';'Black';'';'62995';'3.0L I6 24V GDI DOHC Twin Turbo';'Gasoline Fuel';'used';'4dr Car';'2018 BMW M3';'WBS8M9C55J5L71669';'18TN';'68995';'U14068'
'Jeep';'Wrangler JK Unlimited';'2018';'Sport S';'Billet Silver Metallic Clearcoat';'Black';'Automatic';'34495';'3.6L V6 24V MPFI DOHC';'Gasoline Fuel';'used';'Convertible';'2018 Jeep Wrangler JK Unlimited Sport S';'1C4BJWDG0JL931484';'JKJM74';'39995';'U14076'
'Ford';'Edge';'2018';'SE';'Shadow Black';'Ebony';'Automatic';'24495';'2.0L I4 16V GDI DOHC Turbo';'Gasoline Fuel';'used';'Sport Utility';'2018 Ford Edge SE';'2FMPK4G90JBC49060';'K4G';'28995';'U14188'
'Ford';'Edge';'2018';'SEL';'Burgundy Velvet Metallic Tinted Clearcoat';'Dune';'Automatic';'31495';'3.5L V6 24V MPFI DOHC';'Gasoline Fuel';'used';'Sport Utility';'2018 Ford Edge SEL';'2FMPK4J88JBC24360';'K4J';'35995';'U14189'
'Ford';'Escape';'2018';'SEL';'Black';'';'Automatic';'22995';'1.5L I4 16V GDI DOHC Turbo';'Gasoline Fuel';'used';'Sport Utility';'2018 Ford Escape SEL';'1FMCU9HD5JUD30137';'U9H';'28995';'U30000'
'Lincoln';'Continental';'2018';'Reserve';'Black';'';'Automatic';'41995';'2.7L V6 24V GDI DOHC Twin Turbo';'Gasoline Fuel';'used';'4dr Car';'2018 Lincoln Continental Reserve';'1LN6L9NP3J5617825';'L9N';'45995';'U30003'
'Ford';'Explorer';'2018';'XLT';'Oxford White';'Ebony Black';'Automatic';'33995';'3.5L V6 24V MPFI DOHC';'Gasoline Fuel';'used';'Sport Utility';'2018 Ford Explorer XLT';'1FM5K8D83JGA62155';'K8D';'36995';'U14086'
'Honda';'Civic Sedan';'2018';'EX-L';'Silver';'';'Variable';'23995';'1.5L I4 16V GDI DOHC Turbo';'Gasoline Fuel';'used';'4dr Car';'2018 Honda Civic Sedan EX-L';'JHMFC1F72JX039398';'';'27995';'U30015'
'Ford';'F-150';'2018';'XLT';'Gray';'';'Automatic';'38995';'2.7L V6 24V PDI DOHC Twin Turbo';'Gasoline Fuel';'used';'Crew Cab Pickup';'2018 Ford F-150 XLT';'1FTEW1EP6JFD65930';'W1E';'40995';'U30016'
'Ford';'Explorer';'2018';'XLT';'Blue';'';'Automatic';'34495';'3.5L V6 24V MPFI DOHC';'Gasoline Fuel';'used';'Sport Utility';'2018 Ford Explorer XLT';'1FM5K8D89JGC50680';'K8D';'39995';'U30027'
'Ford';'Escape';'2018';'SEL';'Black';'';'Automatic';'23495';'1.5L I4 16V GDI DOHC Turbo';'Gasoline Fuel';'used';'Sport Utility';'2018 Ford Escape SEL';'1FMCU9HD1JUD53415';'U9H';'27995';'U30033'
'Ford';'Escape';'2018';'SEL';'White';'';'Automatic';'28495';'1.5L I4 16V GDI DOHC Turbo';'Gasoline Fuel';'used';'Sport Utility';'2018 Ford Escape SEL';'1FMCU9HD7JUD30138';'U9H';'33995';'U30028'
'Ford';'Fusion';'2018';'SE';'Black';'';'Automatic';'24495';'1.5L I4 16V GDI DOHC Turbo';'Gasoline Fuel';'used';'4dr Car';'2018 Ford Fusion SE';'3FA6P0HD3JR283014';'P0H';'28995';'U30032'
'Jeep';'Compass';'2018';'Latitude';'Laser Blue Pearlcoat';'Black';'Automatic';'24795';'2.4L I4 16V MPFI SOHC';'Gasoline Fuel';'used';'Sport Utility';'2018 Jeep Compass Latitude';'3C4NJDBBXJT481260';'MPJM74';'27995';'U14111'
'Ford';'F-150';'2018';'XLT';'Ingot Silver Metallic';'Black';'Automatic';'38995';'5.0L V8 32V PDI DOHC';'Gasoline Fuel';'used';'Crew Cab Pickup';'2018 Ford F-150 XLT';'1FTEW1E56JFE54802';'W1E';'40995';'U14115'
'Jeep';'Grand Cherokee';'2018';'High Altitude';'Sangria Metallic Clearcoat';'Black';'Automatic';'41995';'3.6L V6 24V MPFI DOHC';'Gasoline Fuel';'used';'Sport Utility';'2018 Jeep Grand Cherokee High Altitude';'1C4RJFCG0JC504144';'WKJS74';'45995';'U30060'
'Ford';'Explorer';'2018';'XLT';'Oxford White';'';'Automatic';'32895';'3.5L V6 24V MPFI DOHC';'Gasoline Fuel';'used';'Sport Utility';'2018 Ford Explorer XLT';'1FM5K8D87JGB50237';'K8D';'35995';'U14125'
'Nissan';'Frontier';'2019';'SV';'Brilliant Silver Metallic';'Steel';'Automatic';'30495';'4.0L V6 24V MPFI DOHC';'Gasoline Fuel';'used';'Crew Cab Pickup';'2019 Nissan Frontier SV';'1N6AD0EV0KN772689';'32219';'36995';'U13925'
'Ford';'Ranger';'2019';'LARIAT';'Lightning Blue Metallic';'Ebony';'Automatic';'38495';'2.3L I4 16V GDI DOHC Turbo';'Gasoline Fuel';'used';'Crew Cab Pickup';'2019 Ford Ranger LARIAT';'1FTER4FHXKLA65634';'R4F';'41995';'U13960'
'Subaru';'Crosstrek';'2019';'Premium';'Dark Gray Metallic';'Gray';'Variable';'26995';'2.0L H4 16V GDI DOHC';'Gasoline Fuel';'used';'Sport Utility';'2019 Subaru Crosstrek Premium';'JF2GTAEC1KH253722';'KRD';'35995';'U14128'
'Ford';'F-150';'2019';'LARIAT';'Agate Black Metallic';'Black';'Automatic';'47495';'5.0L V8 32V PDI DOHC';'Gasoline Fuel';'used';'Crew Cab Pickup';'2019 Ford F-150 LARIAT';'1FTEW1E57KFD48280';'W1E';'49995';'U13996'
'Ford';'Escape';'2019';'SEL';'Agate Black Metallic';'Charcoal Black';'Automatic';'26495';'1.5L I4 16V GDI DOHC Turbo';'Gasoline Fuel';'used';'Sport Utility';'2019 Ford Escape SEL';'1FMCU9HD3KUA73304';'U9H';'31995';'U13998'
'Ford';'Flex';'2019';'SE';'Ingot Silver Metallic';'Charcoal Black';'Automatic';'26995';'3.5L V6 24V MPFI DOHC';'Gasoline Fuel';'used';'Sport Utility';'2019 Ford Flex SE';'2FMGK5B82KBA12799';'K5B';'30995';'U13999'
'Ford';'Expedition';'2019';'Limited';'White Platinum Metallic Tri-Coat';'Ebony';'Automatic';'56995';'3.5L V6 24V GDI DOHC Twin Turbo';'Gasoline Fuel';'used';'Sport Utility';'2019 Ford Expedition Limited';'1FMJU2AT7KEA09485';'U2A';'61995';'U14008'
'Ford';'Escape';'2019';'SEL';'Ingot Silver Metallic';'Charcoal Black';'Automatic';'26995';'1.5L I4 16V GDI DOHC Turbo';'Gasoline Fuel';'used';'Sport Utility';'2019 Ford Escape SEL';'1FMCU9HD8KUA43781';'U9H';'31995';'U14012'
'Ford';'Explorer';'2019';'XLT';'Burgundy';'';'Automatic';'32995';'3.5L V6 24V MPFI DOHC';'Gasoline Fuel';'used';'Sport Utility';'2019 Ford Explorer XLT';'1FM5K8D83KGA57085';'K8D';'37995';'U14139'
'Ford';'Explorer';'2019';'XLT';'Blue Metallic';'Ebony Black';'Automatic';'33995';'3.5L V6 24V MPFI DOHC';'Gasoline Fuel';'used';'Sport Utility';'2019 Ford Explorer XLT';'1FM5K8D89KGB32808';'K8D';'38995';'U14140'
'Ford';'Fusion Hybrid';'2019';'SE';'Black';'';'Variable';'24995';'2.0L I4 16V MPFI DOHC Hybrid';'Hybrid Fuel';'used';'4dr Car';'2019 Ford Fusion Hybrid SE';'3FA6P0LU3KR157213';'P0L';'27995';'U14142'
'Mazda';'Mazda CX-5';'2019';'Touring';'Deep Crystal Blue Mica';'Black';'Automatic';'26995';'2.5L I4 16V GDI DOHC';'Gasoline Fuel';'used';'Sport Utility';'2019 Mazda CX-5 Touring';'JM3KFBCM7K0536973';'CX5TRXA';'32995';'U14023'
'Ford';'F-150';'2019';'Raptor';'Ingot Silver Metallic';'Black';'Automatic';'68995';'3.5L V6 24V PDI DOHC Twin Turbo';'Gasoline Fuel';'used';'Crew Cab Pickup';'2019 Ford F-150 Raptor';'1FTFW1RG8KFC00204';'W1R';'74995';'U14026'
'Lincoln';'MKC';'2019';'Select';'White';'';'Automatic';'32795';'2.0L I4 16V GDI DOHC Turbo';'Gasoline Fuel';'used';'Sport Utility';'2019 Lincoln MKC Select';'5LMCJ2D95KUL07487';'J2D';'37995';'U14147'
'Ford';'Edge';'2019';'SEL';'Ingot Silver Metallic';'Ebony';'Automatic';'30495';'2.0L I4 16V GDI DOHC Turbo';'Gasoline Fuel';'used';'Sport Utility';'2019 Ford Edge SEL';'2FMPK4J9XKBB11522';'K4J';'34995';'U14035'
'Ford';'Ranger';'2019';'XLT';'Magnetic Metallic';'Ebony';'Automatic';'35995';'2.3L I4 16V GDI DOHC Turbo';'Gasoline Fuel';'used';'Extended Cab Pickup';'2019 Ford Ranger XLT';'1FTER1FH1KLA36294';'R1F';'39995';'U14039'
'Ford';'Ranger';'2019';'XLT';'Oxford White';'Ebony';'Automatic';'37995';'2.3L I4 16V GDI DOHC Turbo';'Gasoline Fuel';'used';'Crew Cab Pickup';'2019 Ford Ranger XLT';'1FTER4FH9KLA46878';'R4F';'40995';'U14038'
'Ford';'EcoSport';'2019';'SE';'Diamond White';'Ebony Black';'Automatic';'22995';'2.0L I4 16V GDI DOHC';'Gasoline Fuel';'used';'Sport Utility';'2019 Ford EcoSport SE';'MAJ6S3GL2KC276970';'S3G';'28995';'U14044'
'Ford';'Escape';'2019';'Titanium';'Ingot Silver Metallic';'Charcoal Black';'Automatic';'29995';'2.0L I4 16V GDI DOHC Turbo';'Gasoline Fuel';'used';'Sport Utility';'2019 Ford Escape Titanium';'1FMCU9J9XKUA22291';'U9J';'33995';'U14048'
'Lincoln';'MKC';'2019';'Select';'White';'';'Automatic';'32995';'2.0L I4 16V GDI DOHC Turbo';'Gasoline Fuel';'used';'Sport Utility';'2019 Lincoln MKC Select';'5LMCJ2D97KUL25215';'J2D';'37995';'U14161'
'Ford';'Escape';'2019';'SE';'Magnetic Metallic';'Medium Light Stone';'Automatic';'25495';'1.5L I4 16V GDI DOHC Turbo';'Gasoline Fuel';'used';'Sport Utility';'2019 Ford Escape SE';'1FMCU9GD7KUB43582';'U9G';'30995';'U14162'
'Honda';'CR-V';'2019';'EX';'Red';'';'Variable';'29795';'1.5L I4 16V GDI DOHC Turbo';'Gasoline Fuel';'used';'Sport Utility';'2019 Honda CR-V EX';'2HKRW2H55KH629616';'RW2H5KJW';'35995';'U14164'
'Ford';'Escape';'2019';'SEL';'Agate Black Metallic';'Charcoal Black';'Automatic';'27795';'1.5L I4 16V GDI DOHC Turbo';'Gasoline Fuel';'used';'Sport Utility';'2019 Ford Escape SEL';'1FMCU9HD0KUA48800';'U9H';'33995';'U14056'
'Ford';'Escape';'2019';'SE';'Oxford White';'Chromite Gray/Chrcl Black';'Automatic';'25995';'1.5L I4 16V GDI DOHC Turbo';'Gasoline Fuel';'used';'Sport Utility';'2019 Ford Escape SE';'1FMCU9GD7KUB19086';'U9G';'28995';'U14059'
'GMC';'Acadia';'2019';'SLE';'Summit White';'Jet Black';'Automatic';'32795';'2.5L I4 16V GDI DOHC';'Gasoline Fuel';'used';'Sport Utility';'2019 GMC Acadia SLE';'1GKKNSLA7KZ123730';'TNK26';'36995';'U14174'
'Subaru';'WRX';'2019';'Premium';'Dark Gray Metallic';'Carbon Black';'Manual';'30495';'2.0L H4 16V GDI DOHC Turbo';'Gasoline Fuel';'used';'4dr Car';'2019 Subaru WRX Premium';'JF1VA1C64K9802824';'KUO';'36995';'U14178'
'Nissan';'Pathfinder';'2019';'SV';'Caspian Blue Metallic';'Charcoal';'Variable';'27495';'3.5L V6 24V GDI DOHC';'Gasoline Fuel';'used';'Sport Utility';'2019 Nissan Pathfinder SV';'5N1DR2MMXKC591936';'25219';'32995';'U14182'
'Ford';'Expedition';'2019';'XLT';'Ruby Red Metallic Tinted Clearcoat';'Medium Stone';'Automatic';'51995';'3.5L V6 24V GDI DOHC Twin Turbo';'Gasoline Fuel';'used';'Sport Utility';'2019 Ford Expedition XLT';'1FMJU1JT3KEA30229';'U1J';'55995';'U14080'
'Mazda';'Mazda CX-3';'2019';'Touring';'Soul Red Crystal Metallic';'Black';'Automatic';'24995';'2.0L I4 16V GDI DOHC';'Gasoline Fuel';'used';'Sport Utility';'2019 Mazda CX-3 Touring';'JM1DKFC78K1410534';'CX3TRXA';'29995';'U30012'
'Ford';'F-150';'2019';'LARIAT';'Red';'';'Automatic';'48495';'5.0L V8 32V PDI DOHC';'Gasoline Fuel';'used';'Crew Cab Pickup';'2019 Ford F-150 LARIAT';'1FTEW1E58KFA04022';'W1E';'51995';'U30019'
'GMC';'Acadia';'2019';'SLE';'Summit White';'Jet Black';'Automatic';'33495';'2.5L I4 16V GDI DOHC';'Gasoline Fuel';'used';'Sport Utility';'2019 GMC Acadia SLE';'1GKKNSLA4KZ254825';'TNK26';'37995';'U30021'
'Ford';'Escape';'2019';'SE';'Silver';'';'Automatic';'28495';'1.5L I4 16V GDI DOHC Turbo';'Gasoline Fuel';'used';'Sport Utility';'2019 Ford Escape SE';'1FMCU9GD0KUA66408';'U9G';'33995';'U30025'
'Subaru';'Ascent';'2019';'Limited';'Crystal Black Pearl';'Warm Ivory';'Variable';'36495';'2.4L H4 16V GDI DOHC Turbo';'Gasoline Fuel';'used';'Sport Utility';'2019 Subaru Ascent Limited';'4S4WMAPD9K3459411';'KCE';'40995';'U30030'
'Toyota';'Highlander';'2019';'Base';'Silver';'';'Automatic';'38495';'3.5L V6 24V PDI DOHC';'Gasoline Fuel';'used';'Sport Utility';'2019 Toyota Highlander';'5TDJZRFH2KS933894';'';'43995';'U30031'
'Mazda';'Mazda CX-5';'2019';'Touring';'Snowflake White Pearl Mica';'Black';'Automatic';'28495';'2.5L I4 16V GDI DOHC';'Gasoline Fuel';'used';'Sport Utility';'2019 Mazda CX-5 Touring';'JM3KFBCM1K0535463';'CX5TRXA';'33995';'U30026'
'Ford';'Explorer';'2019';'Sport';'Blue Metallic';'Ebony Black w/Red Accent';'Automatic';'40995';'3.5L V6 24V GDI DOHC Twin Turbo';'Gasoline Fuel';'used';'Sport Utility';'2019 Ford Explorer Sport';'1FM5K8GT5KGB51131';'K8G';'44995';'U14094'
'Ford';'Fusion Hybrid';'2019';'SE';'Blue';'';'Variable';'23995';'2.0L I4 16V MPFI DOHC Hybrid';'Hybrid Fuel';'used';'4dr Car';'2019 Ford Fusion Hybrid SE';'3FA6P0LU9KR157278';'P0L';'26995';'U30037'
'Subaru';'Impreza';'2019';'Premium';'Crimson Red Pearl';'Ivory';'Variable';'25495';'2.0L H4 16V GDI DOHC';'Gasoline Fuel';'used';'Hatchback';'2019 Subaru Impreza Premium';'4S3GTAC69K3717686';'KLD';'28995';'U30038'
'Ford';'Edge';'2019';'SEL';'Baltic Sea Green Metallic';'Ebony';'Automatic';'32495';'2.0L I4 16V GDI DOHC Turbo';'Gasoline Fuel';'used';'Sport Utility';'2019 Ford Edge SEL';'2FMPK4J98KBB73128';'K4J';'35995';'U14103'
'Ford';'Flex';'2019';'Limited EcoBoost';'Agate Black';'Dark Earth Gray';'Automatic';'41495';'3.5L V6 24V GDI DOHC Twin Turbo';'Gasoline Fuel';'used';'Sport Utility';'2019 Ford Flex Limited EcoBoost';'2FMHK6DT6KBA07679';'K6D';'45995';'U14109'
'Jeep';'Cherokee';'2019';'Limited';'Granite Crystal Metallic Clearcoat';'Black';'Automatic';'27995';'3.2L V6 24V MPFI DOHC';'Gasoline Fuel';'used';'Sport Utility';'2019 Jeep Cherokee Limited';'1C4PJMDX3KD384927';'KLJP74';'29995';'U30053'
'Chevrolet';'Tahoe';'2019';'LT';'Black';'Jet Black';'Automatic';'50995';'5.3L V8 16V GDI OHV';'Flex Fuel';'used';'Sport Utility';'2019 Chevrolet Tahoe LT';'1GNSKBKC5KR107945';'CK15706';'52995';'U30051'
'Lincoln';'MKC';'2019';'Select';'Infinite Black Metallic';'Cappuccino';'Automatic';'33995';'2.0L I4 16V GDI DOHC Turbo';'Gasoline Fuel';'used';'Sport Utility';'2019 Lincoln MKC Select';'5LMCJ2D9XKUL53381';'J2D';'36995';'U30052'
'Ford';'Explorer';'2019';'XLT';'White Platinum Metallic Tri Coat';'';'Automatic';'34995';'3.5L V6 24V MPFI DOHC';'Gasoline Fuel';'used';'Sport Utility';'2019 Ford Explorer XLT';'1FM5K8D88KGA82452';'K8D';'37995';'U14124'
'Ford';'Ranger';'2019';'XLT';'Magnetic Metallic';'Ebony';'Automatic';'40995';'2.3L I4 16V GDI DOHC Turbo';'Gasoline Fuel';'used';'Crew Cab Pickup';'2019 Ford Ranger XLT';'1FTER4FH5KLB02556';'R4F';'43995';'U14122'
'Honda';'CR-V';'2019';'EX';'White';'';'Variable';'31995';'1.5L I4 16V GDI DOHC Turbo';'Gasoline Fuel';'used';'Sport Utility';'2019 Honda CR-V EX';'2HKRW2H54KH626383';'RW2H5KJW';'35995';'U30059'
'Acura';'MDX';'2019';'3.5';'Majestic Black Pearl';'Parchment';'Automatic';'40995';'3.5L V6 24V GDI SOHC';'Gasoline Fuel';'used';'Sport Utility';'2019 Acura MDX 3.5';'5J8YD4H38KL027205';'YD4H3KJNW';'43995';'U14119'
'Ford';'Explorer';'2019';'XLT';'Magnetic Metallic';'Ebony Black';'Automatic';'35995';'6 Cyl - 3.5 L';'Gasoline Fuel';'used';'Sport Utility';'2019 Ford Explorer XLT';'1FM5K8D86KGB00687';'K8D';'0';'U14191'
'Toyota';'RAV4';'2020';'XLE Premium';'Blueprint';'Black';'Automatic';'38995';'2.5L I4 16V PDI DOHC';'Gasoline Fuel';'used';'Sport Utility';'2020 Toyota RAV4 XLE Premium';'2T3A1RFV7LC077183';'4478';'44995';'U14131'
'Subaru';'Outback';'2020';'Premium';'Magnetite Gray Metallic';'Titanium Gray';'Variable';'32795';'2.5L H4 16V GDI DOHC';'Gasoline Fuel';'used';'Sport Utility';'2020 Subaru Outback Premium';'4S4BTAEC5L3265522';'LDD';'38995';'U14003'
'Toyota';'Tundra';'2020';'Base';'Black';'';'Automatic';'49995';'5.7L V8 32V MPFI DOHC';'Gasoline Fuel';'used';'Crew Cab Pickup';'2020 Toyota Tundra';'5TFDY5F12LX890424';'';'51995';'U14143'
'Ford';'Mustang';'2020';'Shelby GT500';'Grabber Lime';'Ebony w/Smoke Gray';'Automatic';'89995';'5.2L V8 32V MPFI DOHC Supercharged';'Gasoline Fuel';'used';'2dr Car';'2020 Ford Mustang Shelby GT500';'1FA6P8SJ9L5503579';'P8S';'93995';'U14052'
'Ford';'Explorer';'2020';'XLT';'Black';'';'Automatic';'41995';'2.3L I4 16V GDI DOHC Turbo';'Gasoline Fuel';'used';'Sport Utility';'2020 Ford Explorer XLT';'1FMSK8DH6LGC06464';'K8D';'47995';'U14064'
'Ford';'Escape';'2020';'SE';'';'';'Automatic';'28795';'1.5L I3 12V GDI DOHC Turbo';'Gasoline Fuel';'used';'Sport Utility';'2020 Ford Escape SE';'1FMCU9G66LUB85423';'U9G';'32995';'U14175'
'Dodge';'Durango';'2020';'GT Plus';'White Knuckle Clearcoat';'Black';'Automatic';'40495';'3.6L V6 24V MPFI DOHC';'Gasoline Fuel';'used';'Sport Utility';'2020 Dodge Durango GT Plus';'1C4RDJDG1LC229881';'WDEH75';'45995';'U30005'
'RAM';'1500';'2020';'Big Horn';'Diamond Black Crystal Pearlcoat';'Diesel Gray/Black';'Automatic';'41995';'5.7L V8 16V MPFI OHV';'Gasoline Fuel';'used';'Crew Cab Pickup';'2020 RAM 1500 Big Horn';'1C6SRFBT4LN224394';'DT6H41';'47995';'U14078'
'Ford';'Explorer';'2020';'XLT';'Iconic Silver Metallic';'Ebony';'Automatic';'39995';'2.3L I4 16V GDI DOHC Turbo';'Gasoline Fuel';'used';'Sport Utility';'2020 Ford Explorer XLT';'1FMSK8DH2LGA66994';'K8D';'42995';'U14096'
'Volvo';'XC90';'2020';'Momentum';'White';'';'Automatic';'53495';'2.0L I4 16V GDI DOHC';'Gasoline Fuel';'used';'Sport Utility';'2020 Volvo XC90 Momentum';'YV4A22PK2L1586245';'XC90T6MAWD7';'57995';'U30029'
'Subaru';'Forester';'2020';'Premium Awd';'Crystal Black Silica';'Gray';'Variable';'33995';'2.5L H4 16V GDI DOHC';'Gasoline Fuel';'used';'Sport Utility';'2020 Subaru Forester Premium Awd';'JF2SKAJC3LH403897';'LFF';'37999';'U30034'
'Ford';'Fusion';'2020';'SE';'Magnetic Metallic';'Ebony';'Automatic';'27795';'1.5L I4 16V GDI DOHC Turbo';'Gasoline Fuel';'used';'4dr Car';'2020 Ford Fusion SE';'3FA6P0HD9LR102145';'P0H';'29995';'U14098'
'Ford';'Edge';'2020';'Titanium';'Star White Metallic Tri-Coat';'Soft Ceramic';'Automatic';'39795';'2.0L I4 16V GDI DOHC Turbo';'Gasoline Fuel';'used';'Sport Utility';'2020 Ford Edge Titanium';'2FMPK4K91LBA86221';'K4K';'41995';'U14114'
'Ford';'Explorer';'2020';'XLT';'Silver Spruce Metallic';'Ebony';'Automatic';'39995';'2.3L I4 16V GDI DOHC Turbo';'Gasoline Fuel';'used';'Sport Utility';'2020 Ford Explorer XLT';'1FMSK8DH2LGA08495';'K8D';'43995';'U14120'
'Ford';'Fusion';'2020';'Titanium';'Magnetic Metallic';'';'Automatic';'29995';'4 Cyl - 2.0 L';'Gasoline Fuel';'used';'4dr Car';'2020 Ford Fusion Titanium';'3FA6P0D90LR133334';'P0D';'0';'U30064'
'RAM';'1500';'2021';'Big Horn';'Billet Silver Metallic Clearcoat';'Black';'Automatic';'44995';'3.6L V6 24V MPFI DOHC';'Hybrid Fuel';'used';'Crew Cab Pickup';'2021 RAM 1500 Big Horn';'1C6RRFFG7MN645135';'DT6H98';'48995';'U14004'
'Toyota';'RAV4';'2021';'Hybrid Limited';'Black';'';'Variable';'43995';'2.5L I4 16V PDI DOHC Hybrid';'Hybrid Fuel';'used';'Sport Utility';'2021 Toyota RAV4 Hybrid Limited';'4T3D6RFVXMU012598';'4534';'46995';'U30004'
'Chevrolet';'Traverse';'2021';'LT Leather';'Mosaic Black Metallic';'Jet Black';'Automatic';'44495';'3.6L V6 24V GDI DOHC';'Gasoline Fuel';'used';'Sport Utility';'2021 Chevrolet Traverse LT Leather';'1GNEVHKW8MJ106212';'1NW56';'46995';'U30036'
'Ford';'F-150';'2021';'XLT';'Agate Black Metallic';'Black';'Automatic';'47995';'2.7L V6 24V PDI DOHC Twin Turbo';'Gasoline Fuel';'used';'Crew Cab Pickup';'2021 Ford F-150 XLT';'1FTEW1EP6MKD10938';'W1E';'49995';'U14192'
